,0,1,2,3,4,5,6,7,8,9,10
0,なす,ミニ,トマト,ピザ,,,,,,,
1,もち,ラザニア,,,,,,,,,
2,アプリコット,パンプティング,,,,,,,,,
3,シリアル,バー,,,,,,,,,
4,ガリバタ,鶏,ガーリック,バター,醤油,,,,,,
5,豚,バラ,大根,すき焼き,,,,,,,
6,豚,テキ<,濃厚,和風,つけ焼き,,,,,,
7,塩鶏,鶏,うま,塩煮,,,,,,,
8,タンドリー,鶏,ジューシー,カレー,風味,,,,,,
9,牛,エリンギ,甘,醤油,,,,,,,
10,牛皿,すき焼き,,,,,,,,,
11,アレンジ,レシピ,ガリバタ,鶏,de,ピザ,,,,,
12,アレンジ,レシピ,豚バラ,大根,de,パスタ,,,,,
13,アレンジ,レシピ,牛皿,de,あげ,,,,,,
14,アレンジ,レシピ,タンドリー,鶏用,de,ドライカレー,,,,,
15,豆腐,ハンバーグ,,,,,,,,,
16,ポーク,ピカタ,冷凍,,,,,,,,
17,ハム,チーズ,ポーク,ピカタ,冷凍,,,,,,
18,梅,しそ,ポーク,ピカタ,冷凍,,,,,,
19,れんこん,肉詰め,冷凍,,,,,,,,
20,さけ,バター,照り焼き,冷凍,,,,,,,
21,ぶり,みそ,漬焼,冷凍,,,,,,,
22,ぶり,漬焼,冷凍,,,,,,,,
23,いか,姿焼き,冷凍,,,,,,,,
24,パエリア,冷凍,,,,,,,,,
25,チキン,ライス,冷凍,,,,,,,,
26,えび,春巻き,,,,,,,,,
27,小松菜,サッ,,,,,,,,,
28,五目,ごはん,,,,,,,,,
29,冷蔵,ピザ,,,,,,,,,
30,ピザ,トースト,,,,,,,,,
31,ポーク,ソテー,,,,,,,,,
32,ささ身,ベーコン,巻き,グリル,,,,,,,
33,ほうれん,ベーコン,フラン,,,,,,,,
34,豚肉,キャベツ,ぎょうざ,,,,,,,,
35,ベーコン,野菜,ココット,,,,,,,,
36,厚揚げ,しめじ,蒸し焼き,,,,,,,,
37,なし,コンポート,,,,,,,,,
38,金時,豆,,,,,,,,,
39,中華,茶わん,蒸し,,,,,,,,
40,つく,だんご,,,,,,,,,
41,ミート,ローフ,,,,,,,,,
42,えび,貝柱,コキール,,,,,,,,
43,ココア,シフォン,ケーキ,,,,,,,,
44,蒸し,ケーキ,,,,,,,,,
45,抹茶,パン,,,,,,,,,
46,さけ,ハーブ,蒸し,,,,,,,,
47,キーマ,カレー,,,,,,,,,
48,ターメリックライス,,,,,,,,,,
49,いも,,,,,,,,,,
50,あずきがゆ,,,,,,,,,,
51,さけが,ゆ,,,,,,,,,
52,ジャーマン,ポテトピザ,,,,,,,,,
53,照り焼き,チキン,ピザ,,,,,,,,
54,シーフード,ピザ,,,,,,,,,
55,チルド,ピザ,,,,,,,,,
56,さわら,めんたい,マヨネーズ,焼き<,凍,まま,グリル,,,,
57,ほうれん,草,白あえ,,,,,,,,
58,ささ身,みつば,蒸し物,,,,,,,,
59,豚,もやし,蒸し物,,,,,,,,
60,ハヤシ,ライス,,,,,,,,,
61,肉じゃが,,,,,,,,,,
62,めんたい,解凍,,,,,,,,,
63,菓子,せんべい,乾燥,,,,,,,,
64,小田巻き,蒸し,,,,,,,,,
65,田作り,,,,,,,,,,
66,ひじき,ベーコン,煮物,,,,,,,,
67,抹茶,シフォン,ケーキ,,,,,,,,
68,アイス,ボックス,クッキー,,,,,,,,
69,フランス,パン,,,,,,,,,
70,さけ,マヨ,わさ,焼,きのこと,ごぼう,ペペロンチーノ,,,,
71,いさき,チーズ,ラタトゥイユ,,,,,,,,
72,ピーマン,ひき肉詰め,焼,ブラック,ビーンズ,ソース,,,,,
73,ミート,ソース,ライス,コロッケ,きのこ,ソース,,,,,
74,豚肉,ピザ,グリル,,,,,,,,
75,ミート,ライス,カネロニ,,,,,,,,
76,ピーマン,肉詰め,甘酢,,,,,,,,
77,四川,風,串焼き,,,,,,,,
78,グラタン,トースト,カレー,風味,,,,,,,
79,えび,ピザ,トースト,,,,,,,,
80,バジル,トマト,トースト,,,,,,,,
81,アンチョビトースト,,,,,,,,,,
82,サーモン,おから,焼き,,,,,,,,
83,焼き,野菜,パルミ,ジャーノ,サラダ,,,,,,
84,白身,魚,地中,,,,,,,,
85,カナッペ,ポテト,,,,,,,,,
86,白身,魚,オレンジ,サラダ,,,,,,,
87,キャベツ,豚,バラ,蒸し煮,,,,,,,
88,牛肉,キャロット,,,,,,,,,
89,きのこと,ポテト,バター,,,,,,,,
90,彩り,野菜,ペペロンチーノ,,,,,,,,
91,鶏,パプリカ,煮込み,,,,,,,,
92,チキン,えび,ピラフ,,,,,,,,
93,ラグー,ソース,パスタ,,,,,,,,
94,えび,入り,トマト,クリーム,パスタ,,,,,,
95,ボンゴレ,ロッソ,,,,,,,,,
96,ブロッコリー,ソース,パスタ,,,,,,,,
97,焼き,おにぎり,手まり,さけ,青菜,ねぎみそ,,,,,
98,蒸し,豚,梅,ソース,,,,,,,
99,えび,にんにく,風味,,,,,,,,
100,マーボー,,,,,,,,,,
101,バンバンジー,,,,,,,,,,
102,豆腐,えび,蒸し物,,,,,,,,
103,鶏肉,XO,醤,風味,,,,,,,
104,しゅうまい,,,,,,,,,,
105,豆腐,肉,あんかけ,,,,,,,,
106,あつあつ,ポテト,サラダ,,,,,,,,
107,野菜,カレー,,,,,,,,,
108,うなた,丼,,,,,,,,,
109,豚,にら,塩焼きそば,,,,,,,,
110,カレー,そうめん,チャンプル,,,,,,,,
111,厚揚げ,ささ身,納豆,,,,,,,,
112,味わい,万能,ラー油,,,,,,,,
113,煮,,,,,,,,,,
114,きのこの,バターポン,酢,,,,,,,,
115,野菜,南蛮,,,,,,,,,
116,ガトー,ショコラ,オレンジ,風味,,,,,,,
117,スイーツ,春巻き,,,,,,,,,
118,フルーツ,チョコ,タルト,,,,,,,,
119,ホット,果実,ワイン,,,,,,,,
120,札幌,豚肉,グリーン,アスパラ,カツレツ,,,,,,
121,仙台,三陸,魚介,旨,,,,,,,
122,東京,洋食,根菜,シャキシャキ,ハンバーグ,,,,,,
123,東京,洋食,クック,ド,ビーフシチュー,,,,,,
124,東京,中華,野菜,たっぷり,淋,鶏,,,,,
125,東京,中華,オイスター,ソース,焼きそば,,,,,,
126,名古屋,三河,豚,パルミ,ジャー,ノカツレツ,,,,,
127,大阪,河内,鴨,大阪,しろ,スパイシー,グリル,,,,
128,広島,黒鯛,車海老,瀬戸田,レモン,グリル,,,,,
129,福岡,博多,明太子,サーモン,バーグ,,,,,,
130,サルヴァトーレ,クオモ,新鮮,魚介,紙包み焼き,カルトッチョ,,,,,
131,ピクルス,フルーツ,サラダ,,,,,,,,
132,かぶ,牛肉,ロール,グリル,,,,,,,
133,トマト,カップ,ラタトゥイユ,,,,,,,,
134,さけ,豆乳,味噌,グラタン,,,,,,,
135,パリパリ,包み焼き,,,,,,,,,
136,揚げ,チキン,ウィング,,,,,,,,
137,きのこ,たっぷり,ポーク,フリカッセ,,,,,,,
138,みたら,パンプディング,,,,,,,,,
139,ほろほろ,クッキー,,,,,,,,,
140,丸,かぼちゃ,グラタン,,,,,,,,
141,里芋,い,うま煮,,,,,,,,
142,チキン,グリル,香草,パン,粉,れんこん,ドライト,マト,蒸し煮,バルサミコ,風味
143,小松,しらす,焼き,おにぎり,,,,,,,
144,カリフラワー,ミルク,スープ,パイ,包み焼き,,,,,,
145,春,キャベツ,焼売,,,,,,,,
146,薄焼き,卵,ほうれん,草,巻き,,,,,,
147,千草,,,,,,,,,,
148,野菜,豚肉,ヘルシー,,,,,,,,
149,スパイシー,肉じゃが,,,,,,,,,
150,豚肉,串揚げ,,,,,,,,,
151,チンジャオロース,,,,,,,,,,
152,モーニング,プレート,,,,,,,,,
153,ゆで卵,ブロッコリー,合わせ,,,,,,,,
154,塩ざけ,野菜,オムレツ,,,,,,,,
155,厚揚げ,きのこ,あんかけ,,,,,,,,
156,こんにゃく,ステーキ,,,,,,,,,
157,おでん,,,,,,,,,,
158,梅,しらす,混ぜ,ごはん,,,,,,,
159,牛肉,枝豆,混ぜ,ごはん,,,,,,,
160,たい,京風,あんかけ,ごはん,,,,,,,
161,カニかま,チャーハン,,,,,,,,,
162,さけ,ムニエル,アスパラ,ときのこの,ソテー,,,,,,
163,いか,セロリ,ガーリック,,,,,,,,
164,あじ,南蛮,づけ,,,,,,,,
165,いわし,かば,,,,,,,,,
166,いわし,ゆず,こしょう,,,,,,,,
167,はんぺん,ふんわり,磯辺,,,,,,,,
168,えび,レンコン,エスニック,仕立て,,,,,,,
169,リンツァー,トルテ,,,,,,,,,
170,オレンジ,チョコ,パイ,,,,,,,,
171,チョコ,フォンデュ,,,,,,,,,
172,クレープ,,,,,,,,,,
173,ミルクレープ,,,,,,,,,,
174,バナナ,プチ,ドーナツ,,,,,,,,
175,焼き,プリン,,,,,,,,,
176,焼,きりんご,,,,,,,,,
177,りんごと,バナナ,フルーツ,ソテー,,,,,,,
178,焼,バナナ,,,,,,,,,
179,ポテト,ソテー,チーズ,のせ,,,,,,,
180,ハッシュ,ド,ポテト,,,,,,,,
181,キャベツ,スープ,かりかり,ベーコン,風味,,,,,,
182,じゃがいも,ホイル,素材,,,,,,,,
183,かぼちゃ,ホイル,素材,,,,,,,,
184,かぼちゃ,煮物,,,,,,,,,
185,たけのこの,つくね,,,,,,,,,
186,うまみ,たっぷり,野菜,,,,,,,,
187,クロック,ムッシュ,クロック,マダム,,,,,,,
188,バナナ,ホット,サンド,,,,,,,,
189,そば粉,ガレット,,,,,,,,,
190,枝豆,コーン,ポテト,パンケーキ,,,,,,,
191,ちくわ,キャベツ,和風,パスタ,,,,,,,
192,海鮮,チヂミ,,,,,,,,,
193,チャパティ,,,,,,,,,,
194,揚げ,フライド,ポテト,,,,,,,,
195,なす,田楽,,,,,,,,,
196,きのこの,オイル,,,,,,,,,
197,じゃがいも,ミニ,グラタン,,,,,,,,
198,ほうれん,ベーコン,キッシュ,,,,,,,,
199,豆腐,ミート,グラタン,,,,,,,,
200,パン,グラタン,,,,,,,,,
201,ミート,パイ,,,,,,,,,
202,ソーセージ,パイ,,,,,,,,,
203,カレー,春巻き,,,,,,,,,
204,ミート,ドリア,,,,,,,,,
205,カレー,,,,,,,,,,
206,手作り,ピザ,,,,,,,,,
207,春巻き,皮,ピザ,,,,,,,,
208,アイス,ボックス,クッキー,,,,,,,,
209,にんじん,ケーキ,,,,,,,,,
210,バナナ,ケーキ,,,,,,,,,
211,ほうれん,ケーキ,,,,,,,,,
212,リコッタ,くるみ,ケーキ,,,,,,,,
213,ベイクド,チーズ,ケーキ,,,,,,,,
214,りんご,チーズ,ケーキ,,,,,,,,
215,アップル,パイ,,,,,,,,,
216,フルーツ,タルト,,,,,,,,,
217,黄桃,クラフティ,,,,,,,,,
218,チョコ,ベリー,クラフティ,,,,,,,,
219,ケークサ,,,,,,,,,,
220,伊達,巻き,,,,,,,,,
221,卵,ココット,,,,,,,,,
222,茶わん,蒸し,,,,,,,,,
223,鶏,胸肉,きのこ,皮,パリパリ,,,,,,
224,ハンバーグ,,,,,,,,,,
225,ポーク,ソテー,,,,,,,,,
226,スペアリブ,,,,,,,,,,
227,鶏,香草,,,,,,,,,
228,中華,チキン,グリル,,,,,,,,
229,ミート,ローフ,,,,,,,,,
230,ピーマン,肉詰め,,,,,,,,,
231,チキン,じゃがいも,グリル,,,,,,,,
232,ベーコン,ときのこ,ホイル,包み焼き,,,,,,,
233,手羽,先,塩焼き,,,,,,,,
234,豚肉,白菜,ホイル,包み焼き,,,,,,,
235,揚げ,唐揚げ,,,,,,,,,
236,手作り,ぎょうざ,,,,,,,,,
237,チルド,ぎょうざ,,,,,,,,,
238,冷凍,ぎょうざ,水あり,,,,,,,,
239,冷凍,ぎょうざ,水,なし,,,,,,,
240,タンドリー,チキン,,,,,,,,,
241,厚揚げ,ねぎ,みそ,,,,,,,,
242,パエリア,,,,,,,,,,
243,焼き,おにぎり,,,,,,,,,
244,チャーシュー,,,,,,,,,,
245,五平,餅,,,,,,,,,
246,塩釜,,,,,,,,,,
247,あじ,香草,,,,,,,,,
248,えび,オーブン,,,,,,,,,
249,ぶり,つけ焼き,,,,,,,,,
250,帆立,貝,グラタン,,,,,,,,
251,さけ,しめじ,ホイル,包み焼き,,,,,,,
252,かき,ホイル,包み焼き,,,,,,,,
253,いか,姿焼き,,,,,,,,,
254,いちご,タルト,,,,,,,,,
255,ブラウニー,,,,,,,,,,
256,チョコレート,バナナ,ケーキ,,,,,,,,
257,ホイル,ケーキ,,,,,,,,,
258,スイート,ポテト,,,,,,,,,
259,ホット,ケーキ,,,,,,,,,
260,ラスク,,,,,,,,,,
261,アスパラ,焼きび,,,,,,,,,
262,アスパラ,チーズ,,,,,,,,,
263,トマト,ズッキーニ,ハーブ,グリル,,,,,,,
264,きのこと,野菜,グリル,,,,,,,,
265,フォカッチャ,,,,,,,,,,
266,ツナ,玉ねぎ,ブルスケッタ,,,,,,,,
267,ガーリック,トースト,,,,,,,,,
268,明太,トースト,,,,,,,,,
269,フランス,パンピザ,,,,,,,,,
270,パイ,ピザ,,,,,,,,,
271,お好み焼き,,,,,,,,,,
272,明太,もち,チーズ,春巻き,,,,,,,
273,アンチョビ,ブルスケッタ,,,,,,,,,
274,サーモン,カマンベール,ブルスケッタ,,,,,,,,
275,ロースト,ビーフ,,,,,,,,,
276,蒸し,鶏,,,,,,,,,
277,蒸し,鶏,風,四川,風,ピリ辛,,,,,
278,チャーシュー,,,,,,,,,,
279,セミ,ドライト,マト,あさり,ワイン,蒸し,,,,,
280,セミ,ドライト,マト,オイル,,,,,,,
281,枝豆,ホイル,包み焼き,,,,,,,,
282,揚げ,ポテト,チップス,,,,,,,,
283,アマンド,ショコラ,,,,,,,,,
284,カスタード,プリン,,,,,,,,,
285,かぼちゃ,プリン,,,,,,,,,
286,セミ,ライフルーツ,,,,,,,,,
287,プチ,パンケーキ,サンド,,,,,,,,
288,グラノーラ,,,,,,,,,,
289,ショート,ケーキ,,,,,,,,,
290,鶏,バター,ごぼう,蒸し煮,,,,,,,
291,アスパラ,肉,巻き,きゅうり,煮込み,,,,,,
292,豚,ピリ辛,甘辛,野菜,ソース,,,,,,
293,中華,おにぎり,ピリ辛,スープ,,,,,,,
294,豚肉,から揚げ,ポテト,スープ,,,,,,,
295,焼きもち,かちん,粥,,,,,,,,
296,さば,みそ,煮焼き,,,,,,,,
297,白身,魚,ホイル,,,,,,,,
298,白菜,あえ物,,,,,,,,,
299,根菜,和風,サラダ,,,,,,,,
300,中華,,,,,,,,,,
301,五穀,ごはん,,,,,,,,,
302,トマト,ゆ,,,,,,,,,
303,バター,溶か,,,,,,,,,
304,ホット,ワイン,,,,,,,,,
305,ゼラチン,溶か,,,,,,,,,
306,白身,魚,きのこの,包み,蒸し,,,,,,
307,鶏肉,はちみつ,ソース,,,,,,,,
308,焼,えび,ワンタン,,,,,,,,
309,マカオ,カレー,グラタン,,,,,,,,
310,ポテト,チーズ,焼き,,,,,,,,
311,りんご,チェー,,,,,,,,,
312,肉,団子,,,,,,,,,
313,焼き豚,,,,,,,,,,
314,チキン,ボール,,,,,,,,,
315,ジャーマン,ポテト,,,,,,,,,
316,イカ,マリネ,,,,,,,,,
317,ジャーマン,ポテト,オムレツ,,,,,,,,
318,ジャーマン,ポテト,グラタン,,,,,,,,
319,肉,団子,ねぎ,しいたけ,スープ,,,,,,
320,肉,団子,甘酢,あんかけ,,,,,,,
321,焼き豚,サラダ,,,,,,,,,
322,焼き豚丼,玉,,,,,,,,,
323,チキン,ボール,甘酢,あんかけ,,,,,,,
324,チキン,ボール,炒り煮,,,,,,,,
325,イカ,大根,ささっと,サラダ,,,,,,,
326,イカ,わけぎ,酢,味噌,,,,,,,
327,食,パン,,,,,,,,,
328,ふんわり,パン,ド,・ミ,,,,,,,
329,パン,ド,・ミ,チョコ,パン,,,,,,
330,パン,ド,・ミ,,,,,,,,
331,もちもち,パン,ド,・ミ,,,,,,,
332,ソフト,食,パン,,,,,,,,
333,早焼,食,パン,,,,,,,,
334,６０,分,パン,,,,,,,,
335,ごはん,パン,,,,,,,,,
336,ごはん,フランス,パン,,,,,,,,
337,フランス,パン,,,,,,,,,
338,ライ麦,パン,,,,,,,,,
339,全粒,粉,パン,,,,,,,,
340,ブリオッシュ,,,,,,,,,,
341,マーブル,パン,,,,,,,,,
342,黄金,,,,,,,,,,
343,ジューシー,鶏,から揚げ,,,,,,,,
344,きのこの,炊き込,ごはん,,,,,,,,
345,プチッ,塩焼きそば,,,,,,,,,
346,中華,チャーハン,,,,,,,,,
347,メロン,パン,,,,,,,,,
348,白,パン,風食,パン,,,,,,,
349,ハーフ,食,パン,,,,,,,,
350,小麦,入り,米粉,パン,,,,,,,
351,ジャーマン,ポテト,もちもち,パン,ド,・ミ,,,,,
352,クリーム,チーズ,ブルーベリー,もちもち,パン,ド,・ミ,,,,
353,きな粉,甘,納豆,ふんわり,パン,ド,・ミ,,,,
354,桜,緑茶,ふんわり,パン,ド,・ミ,,,,,
355,デニッシュ,風食,パン,,,,,,,,
356,米粉,黒糖,６０,分,パン,,,,,,
357,紅茶,オレンジ,６０,分,パン,,,,,,
358,赤飯,パン,,,,,,,,,
359,雑穀,カンパーニュ,ごはん,フランス,パン,,,,,,
360,パプリカ,トマト,ごはん,フランス,パン,,,,,,
361,全粒,粉,ベーコン,チーズ,オリーブ,,,,,,
362,黒豆,栗,入り,抹茶,ブリオッシュ,,,,,,
363,パネトーネ,,,,,,,,,,
364,抹茶,マーブル,パン,,,,,,,,
365,黒,ごま,マーブル,パン,,,,,,,
366,シナモン,ロール,,,,,,,,,
367,あん,パン,,,,,,,,,
368,抹茶,黒豆,ロール,,,,,,,,
369,楽しみ,パン,,,,,,,,,
370,クロワッサン,,,,,,,,,,
371,バター,ロール,,,,,,,,,
372,ヨーグルト,パン,,,,,,,,,
373,ベーグル,,,,,,,,,,
374,ピザ,,,,,,,,,,
375,フォカッチャ,,,,,,,,,,
376,Sweet,オムレツ,サンド,,,,,,,,
377,チキン,ウォール,ナッツ,サンド,,,,,,,
378,プレート,ミニ,ミニ,ハンバーグ,サンド,,,,,,
379,ヘルシー,がん,サンドイッチ,,,,,,,,
380,ティラミス,サンドイッチ,,,,,,,,,
381,チーズ,カツ,ちそう,サンド,,,,,,,
382,しら,トマト,オムレツ,サンド,,,,,,,
383,胡麻,パン,オープン,サンド,ひらけ,ごま,Sesame,ouvre,toi,,
384,スモーク,サーモン,オープン,サンド,2,種,,,,,
385,フルーツ,たっぷり,バニラ,サンド,,,,,,,
386,成形,パン,アレンジ,br>,生地,一,例,,,,
387,色々,食,パン,アレンジ,br>,レシピ,一,例,,,
388,オニオン,グラタン,スープ,,,,,,,,
389,平目,帆立,貝,シャンパーニュ,蒸し,,,,,,
390,牛,フィレ,肉,フォワ,グラ,詰め,パイ,包み焼き,br>,プリンス,アルベール
391,クロネコ,チョコ,バナナ,サンド,,,,,,,
392,ねずみ,バター,ロール,たまご,サンド,,,,,,
393,かめ,小豆,みかん,和風,サンド,,,,,,
394,オープン,サンドイッチ,うさぎ,,,,,,,,
395,鶏,照り焼き,ポテト,サラダ,,,,,,,
396,塩,>なす,ピリ辛,,,,,,,,
397,さけ,マヨ,ペペロンチーノ,,,,,,,,
398,ステーキ,青菜,ミルク,,,,,,,,
399,ハンバーグ,きのこ,ソース,,,,,,,,
400,メンチカツ,野菜,デミグラス,ソース,,,,,,,
401,さけ,チャーハン,わかめ,スープ,,,,,,,
402,焼きもち,みそ,雑煮,,,,,,,,
403,焼きもち,汁粉,,,,,,,,,
404,魚,パン,粉,ペンネ,,,,,,,
405,豚,蒸し焼き,五目,おこわ,,,,,,,
406,野菜,うま煮,,,,,,,,,
407,冷凍,和風,ミックス,野菜,煮物,,,,,,
408,ヘルシー,ぎょうざ,,,,,,,,,
409,たい,中華,,,,,,,,,
410,バジル,風味,スペアリブ,,,,,,,,
411,肉,だんご,野菜,あんかけ,,,,,,,
412,さわら,漬焼,サラダ,,,,,,,,
413,バーニャカウダ,ソース,,,,,,,,,
414,なす,オリーブ,ペースト,,,,,,,,
415,コーン,ハム,ドリア,,,,,,,,
416,ラザーニア,,,,,,,,,,
417,白ねぎ,ピリ辛,巻き,,,,,,,,
418,長,梅,しそ,巻き,,,,,,,
419,カレー,,,,,,,,,,
420,白ねぎ,ピリ辛,巻き,冷凍,,,,,,,
421,長,梅,しそ,巻,冷凍,,,,,,
422,カレー,冷凍,,,,,,,,,
423,いわし,ロール,フライ,,,,,,,,
424,えのき,梅肉,,,,,,,,,
425,オニオン,グラタン,スープ,,,,,,,,
426,きのこ,サラダ,,,,,,,,,
427,パエリア,ライス,,,,,,,,,
428,パンプキン,パイ,,,,,,,,,
429,コーヒー,プディング,,,,,,,,,
430,オクラ,ペンネ,,,,,,,,,
431,パスタ,ゆで,,,,,,,,,
432,黄金,和風,照り焼き,,,,,,,,
433,黄金,和風,ガパオ,ライス,,,,,,,
434,スコップ,コロッケ,,,,,,,,,
435,ラム,香草,パン,粉,,,,,,,
436,釜玉,風,うどん,,,,,,,,
437,黄金,肉,巻,むすび,,,,,,,
438,黄金,チャプチェ,,,,,,,,,
439,ビビンバ,,,,,,,,,,
440,BIG,ハンバーグ,,,,,,,,,
441,茶碗,,,,,,,,,,
442,プチッ,しゅうまい,,,,,,,,,
443,プチプチ,ごま,チーズ,から揚げ,,,,,,,
444,かぼちゃ,ライス,プレート,,,,,,,,
445,明太,マヨ,から揚げ,串,,,,,,,
446,エビ,フライ,ばけ,アボカド,ディップ,,,,,,
447,オニオン,柚子,胡椒,から揚げ,,,,,,,
448,ギョーザ,丼,にんにく,スタミナ,,,,,,,
449,蒸し,ブロッコリー,蒸し,野菜,蒸しえび,,,,,,
450,１０,分,しゅうまい,,,,,,,,
451,洋風,お好み焼き,,,,,,,,,
452,魚,チーズ,ラタトゥイユ,,,,,,,,
453,ピーマン,肉詰め,野菜,ソース,,,,,,,
454,ライス,コロッケ,きのこ,ソース,,,,,,,
455,高菜,チャーハン,かぶ,スープ,,,,,,,
456,鶏,から揚げ,>なす,辛味,煮込み,,,,,,
457,スパイシー,さといも,中華,,,,,,,,
458,ひき肉,蒸し物,,,,,,,,,
459,一,尾,魚,トウチ,,,,,,,
460,スペアリブ,,,,,,,,,,
461,かき,フライ,,,,,,,,,
462,ミルフィーユ,とんかつ,,,,,,,,,
463,中華,炒め煮,,,,,,,,,
464,かぼちゃ,サラダ,,,,,,,,,
465,うなぎ,かば焼き,パリッと,,,,,,,,
466,干し,しいたけ,戻,,,,,,,,
467,あさり,酒,蒸し,,,,,,,,
468,冷凍,ぎょうざ,,,,,,,,,
469,づけ,まぐろ,アボカド,どんぶり,,,,,,,
470,鯛,京風,葛,あんかけ,ごはん,,,,,,
471,手,巻きずし,,,,,,,,,
472,いなりずし,,,,,,,,,,
473,五目,ごはん,,,,,,,,,
474,まつたけ,ごはん,,,,,,,,,
475,栗,おこわ,,,,,,,,,
476,山菜,おこわ,,,,,,,,,
477,赤飯,,,,,,,,,,
478,三色,おはぎ,,,,,,,,,
479,生,ゆば,入り,かに,雑炊,,,,,,
480,茶がゆ,,,,,,,,,,
481,大豆,ひじき,混ぜ,ごはん,,,,,,,
482,玄米,小豆がゆ,,,,,,,,,
483,玄米,入り,魚介,野菜,トマト,スープ,,,,,
484,ライス,バーガー,,,,,,,,,
485,雑穀,米,サラダ,,,,,,,,
486,甘えび,麦とろ,丼,,,,,,,,
487,梅,しらす,混ぜ,ごはん,,,,,,,
488,牛肉,枝豆,混ぜ,ごはん,,,,,,,
489,うなぎ,きゅうり,混ぜ,ごはん,,,,,,,
490,肉,みそ,おにぎり,,,,,,,,
491,鶏飯,奄美,,,,,,,,,
492,冷汁,宮崎,,,,,,,,,
493,ゆず,香,牡蠣,めし,三陸,,,,,,
494,洋風,いかめし,北国,,,,,,,,
495,深川,めし,江戸,,,,,,,,
496,北,大地,恵み,ごはん,,,,,,,
497,欧風,チキン,ライス,,,,,,,,
498,クファージューシー,沖縄,,,,,,,,,
499,札幌,北,パエリア,ラベンダー,風味,,,,,,
500,仙台,森林,しいたけ,炊込,ごはん,,,,,,
501,東京,洋食,炊込み,シーフード,ピラフ,,,,,,
502,東京,中華,やわらか,蒸し,鶏,ごはん,アジアン,ソース,,,
503,東京,中華,焼き豚,炊込,チャーハン,,,,,,
504,名古屋,蟹飯,団子,,,,,,,,
505,大阪,河内,鴨,碓井,えんどう,ピラフ,,,,,
506,広島,アサリ,穴子,瀬戸,パエリア,,,,,,
507,福岡,みつせ,鶏,海鮮,パエリア,,,,,,
508,サルヴァトーレ,クオモ,４種,キノコ,リゾット,,,,,,
509,３,種,クリスマス,カップ,寿司,,,,,,
510,さっぱり,みぞれ,めし,,,,,,,,
511,さくらえび,銀杏,おこわ,,,,,,,,
512,チキン,クリーム,ピラフ,,,,,,,,
513,イカスミ,シーフード,パエリア,,,,,,,,
514,モチモチ,,,,,,,,,,
515,玄米,ハーブライス,サラダ,,,,,,,,
516,玄米,まる,たまねぎ,ドリア,,,,,,,
517,かに,青のり,中華,粥,,,,,,,
518,ひじき,戻,,,,,,,,,
519,切干,大根,戻,,,,,,,,
520,タンドリー,チキン,,,,,,,,,
521,かに,生,クリーム,ふんわり,テリーヌ,,,,,,
522,茹で,ナス,ジュレ,あんかけ,,,,,,,
523,数の子,彩り,野菜,コンソメジュレ,,,,,,,
524,ホタテ,サーモン,キウイ,テリーヌ,,,,,,,
525,ロースト,ビーフ,,,,,,,,,
526,マグロ,カルパッチョ,,,,,,,,,
527,シーフード,マリネ,,,,,,,,,
528,ミニ,トマト,ハニー,レモン,シャーベット,,,,,,
529,えび,枝豆,バゲット,ファルシ,,,,,,,
530,カツオ,たたき,カルパッチョ,,,,,,,,
531,シャリシャリ,トマト,アンチョビ,冷製,パスタ,,,,,,
532,数の子,枝豆,白,ジュレ,,,,,,,
533,冷しゃぶ,サラダ,,,,,,,,,
534,冷んやり,ベリー,ソース,ペッパー,ステーキ,,,,,,
535,鯛,和風,カルパッチョ,,,,,,,,
536,マグロ,漬け,,,,,,,,,
537,ブリ,粕漬け,,,,,,,,,
538,さんま,南蛮,,,,,,,,,
539,鯛,サーモン,押し,寿司,,,,,,,
540,そばめ,,,,,,,,,,
541,こと,玉ねぎ,甘酢,,,,,,,,
542,えのきだけ,味噌,,,,,,,,,
543,塩麹,鶏,チーズ,ロール,,,,,,,
544,ベリー,ソース,フライド,カマンベール,,,,,,,
545,キャベツ,即席,,,,,,,,,
546,ナス,ナッツ,ピリ辛,,,,,,,,
547,季節,野菜,ピクルス,,,,,,,,
548,鶏,艶,照り焼き,,,,,,,,
549,天ぷら,盛り合わせ,,,,,,,,,
550,豚,角煮,,,,,,,,,
551,いわし,みりん,干し,,,,,,,,
552,鯛,茶漬け,,,,,,,,,
553,揚げ,ナス,南蛮,,,,,,,,
554,鯛,しゃぶしゃぶ,,,,,,,,,
555,鶏,ハム,バゲット,,,,,,,,
556,豚,ロース,味噌,,,,,,,,
557,キウイ,黒糖,シャーベット,,,,,,,,
558,黒蜜,豆乳,プリン,,,,,,,,
559,梅酒,ゼリー,,,,,,,,,
560,シャリ,シャリフルーツ,ヨーグルト,,,,,,,,
561,フルーツ,シャーベット,,,,,,,,,
562,チョコ,,,,,,,,,,
563,スパイス,クッキー,,,,,,,,,
564,フルーツ,ポンチ,,,,,,,,,
565,冷んやり,バナナ,パリパリ,チョコ,トースト,,,,,,
566,黒糖,水,羊羹,,,,,,,,
567,ミルク,チョコレート,ゼリー,,,,,,,,
568,ホワイト,チョコ,クリーム,チーズ,トリュフ,,,,,,
569,うずまき,クッキー,,,,,,,,,
570,シトラス,アイス,ティー,,,,,,,,
571,サングリア,,,,,,,,,,
572,かんたん,焼きと,,,,,,,,,
573,あじ,カレー,風味,,,,,,,,
574,さつま,いも,鶏肉,うま煮,,,,,,,
575,イタリアン,ぎょうざ,,,,,,,,,
576,チキン,ロール,,,,,,,,,
577,チキン,ロール,めんたい,,,,,,,,
578,豚,ヒレ,肉,きのこ,,,,,,,
579,豚,ヒレ,肉,きのこ,冷凍,,,,,,
580,野菜,,,,,,,,,,
581,具,スープ,,,,,,,,,
582,キャベツ,さっぱり,サラダ,,,,,,,,
583,ショコラ,オレンジ,ケーキ,,,,,,,,
584,牛肉,ロール,グリル,,,,,,,,
585,ハーブ,チキン,スペアリブ,,,,,,,,
586,豚,きのこの,オイスター,丼,,,,,,,
587,豚,角煮,,,,,,,,,
588,うぐいす,もち,,,,,,,,,
589,とろけ,パン,ド,・ミ,,,,,,,
590,クイックスイート,食,パン,,,,,,,,
591,くるみ,レーズン,入り,ライ,麦,パン,,,,,
592,マロン,ナッツ,全粒,粉,パン,,,,,,
593,天然,酵母,食,パン,,,,,,,
594,紅茶,茶葉,グルテン,フリー,ケーキ,,,,,,
595,ミルク,ジャム,,,,,,,,,
596,りんご,コンポート,,,,,,,,,
597,カイザー,ゼン,メル,,,,,,,,
598,プルーン,くるみ,パン,,,,,,,,
599,にんじん,ジュース,パン,,,,,,,,
600,クレームダンジュ,,,,,,,,,,
601,塩,パン,,,,,,,,,
602,塩,昆布,ごはん,パン,,,,,,,
603,ガーリックライス,パン,,,,,,,,,
604,ケーク,サレ,クイック,ブレッド,,,,,,,
605,ドイツ,ソーセージ,ロール,,,,,,,,
606,オニオン,ツナ,チーズ,,,,,,,,
607,じゃが,バタチーズ,パン,,,,,,,,
608,ピタパン,,,,,,,,,,
609,バゲット,,,,,,,,,,
610,ハード,ロール,ガーリック,風味,,,,,,,
611,ベーコン,エピ,,,,,,,,,
612,レトロ,バゲット,,,,,,,,,
613,カルツォーネ,,,,,,,,,,
614,もち,,,,,,,,,,
615,うどん,,,,,,,,,,
616,パスタ,,,,,,,,,,
617,クリスピー,ピザ,,,,,,,,,
618,米粉,パン,小麦,なし,,,,,,,
619,グルテン,フリー,ケーキ,,,,,,,,
620,ジャコ,わかめ,米粉,パン,,,,,,,
621,バナナ,グルテン,フリー,ケーキ,,,,,,,
622,チョコ,ケーキ,,,,,,,,,
623,グラノーラ,,,,,,,,,,
624,ムース,オ,ショコラ,,,,,,,,
625,りんご,ジャム,,,,,,,,,
626,チョコ,,,,,,,,,,
627,,,,,,,,,,,
628,ナン,,,,,,,,,,
629,あんまん,,,,,,,,,,
630,あんまん,生地,,,,,,,,,
631,自家,冷凍,卵焼き,,,,,,,,
632,れんこん,味噌,バーグ,,,,,,,,
633,塩,唐揚げ,,,,,,,,,
634,自家,冷凍,明太子,パスタ,,,,,,,
635,自家,冷凍,明太子,ワン,ボウル,パスタ,,,,,
636,味付け,まご,,,,,,,,,
637,豚汁,,,,,,,,,,
638,スペルト,小麦,バゲット,,,,,,,,
639,スペルト,ノア,レザン,,,,,,,,
640,鶏,ハム,,,,,,,,,
641,ちそう,コロッケ,,,,,,,,,
642,レア,チーズ,ケーキ,フレッシュ,いちご,ソース,,,,,
643,バーニャカウダ,ソース,,,,,,,,,
644,ゴロゴロ,野菜,ポーク,ビーンズ,,,,,,,
645,鶏,照り焼き,かぼちゃ,煮物,,,,,,,
646,しいたけ,肉詰め,和風,カレー,スープ,,,,,,
647,つく,だんご,野菜,スープ,,,,,,,
648,さけ,厚あげ,焼,野菜,,,,,,,
649,塩,五色,きんぴら,,,,,,,,
650,肉,だんご,甘酢,,,,,,,,
651,おから,ハンバーグ,野菜,ソース,,,,,,,
652,焼き,おにぎり,豚汁,,,,,,,,
653,焼き豚,チャーハン,もやし,スープ,,,,,,,
654,鶏,から揚げ,八宝,菜,煮物,,,,,,
655,鶏,から揚げ,白菜,あげ,煮物,,,,,,
656,焼きもち,すまし,雑煮,,,,,,,,
657,焼きもち,ぜんざい,,,,,,,,,
658,鶏,マヨ,あさり,ボンゴレ,,,,,,,
659,野菜,チーズ,焼き<,マカロニ,,,,,,,
660,塩焼き,赤飯,,,,,,,,,
661,ちゃん,山菜,おこわ,,,,,,,,
662,青菜,煮物,,,,,,,,,
663,野菜,バター,,,,,,,,,
664,かぼちゃ,煮物,,,,,,,,,
665,きんぴら,,,,,,,,,,
666,野菜,カレー,,,,,,,,,
667,じゃがいも,ベーコン,煮物,,,,,,,,
668,大根,ツナ,煮物,,,,,,,,
669,れんこん,煮物,,,,,,,,,
670,ビーフ,カレー,,,,,,,,,
671,いわし,しょう,煮,,,,,,,,
672,かれい,煮付け,,,,,,,,,
673,五目,豆,,,,,,,,,
674,黒豆,,,,,,,,,,
675,茶わん,蒸し,,,,,,,,,
676,温泉,,,,,,,,,,
677,ゆで卵,,,,,,,,,,
678,チルド,ぎょうざ,,,,,,,,,
679,小籠,包,ショウ,ロンポウ,,,,,,,
680,肉まん,手作り,,,,,,,,,
681,手作り,しゅうまい,,,,,,,,,
682,豆腐,しゅうまい,,,,,,,,,
683,一,尾,魚,蒸し物,,,,,,,
684,アクアパッツア,,,,,,,,,,
685,さけ,あさり,ハーブ,蒸し,,,,,,,
686,焼き豚,,,,,,,,,,
687,鶏,塩焼き,,,,,,,,,
688,焼き,,,,,,,,,,
689,ロースト,チキン,,,,,,,,,
690,ロースト,ビーフ,,,,,,,,,
691,さんま,塩焼き,,,,,,,,,
692,ほっけ,開き,,,,,,,,,
693,たい,姿,,,,,,,,,
694,さけ,しめじ,ホイル,,,,,,,,
695,焼きなす,,,,,,,,,,
696,マカロニ,グラタン,,,,,,,,,
697,じゃがいも,グラタン,,,,,,,,,
698,ホワイト,ソース,,,,,,,,,
699,ハンバーグ,,,,,,,,,,
700,おから,入り,ハンバーグ,,,,,,,,
701,野菜,ハンバーグ,,,,,,,,,
702,小松,菜,入り,鶏,ハンバーグ,,,,,,
703,鶏,照り焼き,,,,,,,,,
704,鶏,黒酢,照り焼き,,,,,,,,
705,鶏,レモン,風味,照り焼き,,,,,,,
706,鶏,ゆず,こしょう,,,,,,,,
707,手羽,元,香味,,,,,,,,
708,手羽,元,甘辛,,,,,,,,
709,手羽,元,カレー,,,,,,,,
710,肉,巻き,野菜,,,,,,,,
711,もち,めんたい,巻き,,,,,,,,
712,ウィンナー,野菜,巻き,,,,,,,,
713,しいたけ,肉詰め,,,,,,,,,
714,ピーマン,肉詰め,,,,,,,,,
715,手羽,元,彩り,野菜,,,,,,,
716,あじ,開き,,,,,,,,,
717,塩,さば,,,,,,,,,
718,さば,こしょう,,,,,,,,,
719,さば,酢,じょうゆ,焼き,,,,,,,
720,さば,梅,風味,,,,,,,,
721,塩ざけ,,,,,,,,,,
722,さけ,香草,,,,,,,,,
723,さけ,照り焼き,,,,,,,,,
724,さけ,チーズ,ソテー,,,,,,,,
725,ぶり,照り焼き,,,,,,,,,
726,さわら,漬焼,,,,,,,,,
727,さわら,中華,,,,,,,,,
728,さわら,ごま,酢,,,,,,,,
729,さわら,めんたい,マヨ,,,,,,,,
730,焼き,野菜,,,,,,,,,
731,和風,野菜,,,,,,,,,
732,マリネ,焼,野菜,,,,,,,,
733,ハンバーグ,冷凍,,,,,,,,,
734,おから,入り,ハンバーグ,冷凍,,,,,,,
735,野菜,ハンバーグ,冷凍,,,,,,,,
736,小松,菜,入り,鶏,ハンバーグ,冷凍,,,,,
737,鶏,照り焼き,冷凍,,,,,,,,
738,鶏,黒酢,照り焼き,冷凍,,,,,,,
739,鶏,レモン,風味,照り焼き,冷凍,,,,,,
740,鶏,ゆず,こしょう,冷凍,,,,,,,
741,手羽,元,香味,焼,冷凍,,,,,,
742,手羽,元,甘辛,焼,冷凍,,,,,,
743,手羽,元,カレー,冷凍,,,,,,,
744,肉,巻き,野菜,冷凍,,,,,,,
745,もち,めんたい,巻き,冷凍,,,,,,,
746,ウィンナー,野菜,巻き,冷凍,,,,,,,
747,しいたけ,肉詰め,冷凍,,,,,,,,
748,ピーマン,肉詰め,冷凍,,,,,,,,
749,手羽,元,彩り,野菜,冷凍,,,,,,
750,あじ,開き,冷凍,,,,,,,,
751,塩,冷凍,,,,,,,,,
752,さば,こしょう,冷凍,,,,,,,,
753,さば,酢,じょうゆ,焼き<,冷凍,,,,,,
754,さば,梅,風味,焼,冷凍,,,,,,
755,塩ざけ,冷凍,,,,,,,,,
756,さけ,香草,焼,冷凍,,,,,,,
757,さけ,照り焼き,冷凍,,,,,,,,
758,さけ,チーズ,ソテー,冷凍,,,,,,,
759,ぶり,照り焼き,冷凍,,,,,,,,
760,さわら,漬焼,冷凍,,,,,,,,
761,さわら,中華,冷凍,,,,,,,,
762,さわら,ごま,酢,焼,冷凍,,,,,,
763,さわら,めんたい,マヨ,焼,冷凍,,,,,,
764,野菜,冷凍,,,,,,,,,
765,和風,野菜,冷凍,,,,,,,,
766,マリネ,焼,野菜,冷凍,,,,,,,
767,豚,キムチ,春巻き,,,,,,,,
768,鶏,らっきょう,春巻き,,,,,,,,
769,鶏,から揚げ,,,,,,,,,
770,鶏,かんたん,から揚げ,,,,,,,,
771,鶏,ごま,風味,から揚げ,,,,,,,
772,いわし,フライ,,,,,,,,,
773,えび,フライ,,,,,,,,,
774,とんかつ,,,,,,,,,,
775,串,,,,,,,,,,
776,豚,キムチ,春巻き,冷凍,,,,,,,
777,牛肉,春巻き,冷凍,,,,,,,,
778,鶏,らっきょう,春巻き,冷凍,,,,,,,
779,鶏,から揚げ,冷凍,,,,,,,,
780,鶏,かんたん,から揚げ,冷凍,,,,,,,
781,鶏,ごま,風味,から揚げ,冷凍,,,,,,
782,スナック,ピザ,,,,,,,,,
783,フォカッチャ,,,,,,,,,,
784,肉じゃが,,,,,,,,,,
785,さんま,コンフィ,,,,,,,,,
786,クマ,ハンバーグ,,,,,,,,,
787,鶏肉,コンフィ,,,,,,,,,
788,鶏肉,コンフィ,ソテー,,,,,,,,
789,さんま,カラフル,パスタ,,,,,,,,
790,豚肉,コンフィ,,,,,,,,,
791,豚肉,コンフィ,サンドウィッチ,,,,,,,,
792,牛肉,春巻き,,,,,,,,,
793,枝豆,,,,,,,,,,
794,なす,ピリ辛,,,,,,,,,
795,さや,いんげん,ごま,みそ,あえ,,,,,,
796,手作り,おにぎり,,,,,,,,,
797,チーズ,入り,焼き,おにぎり,,,,,,,
798,なめたけ,焼き,おにぎり,,,,,,,,
799,モッチーズ,,,,,,,,,,
800,チキン,ライス,,,,,,,,,
801,白,ごはん,,,,,,,,,
802,赤飯,,,,,,,,,,
803,ソース,焼きそば,,,,,,,,,
804,手作り,おにぎり,冷凍,,,,,,,,
805,チーズ,入り,焼き,おにぎり,冷凍,,,,,,
806,なめたけ,焼き,おにぎり,冷凍,,,,,,,
807,モッチーズ,冷凍,,,,,,,,,
808,チョコレート,ケーキ,,,,,,,,,
809,いちご,ショート,ケーキ,,,,,,,,
810,フルーツ,ケーキ,,,,,,,,,
811,チーズ,ケーキ,,,,,,,,,
812,シフォン,ケーキ,,,,,,,,,
813,ロール,ケーキ,,,,,,,,,
814,抹茶,ロール,ケーキ,,,,,,,,
815,ココア,ロール,ケーキ,,,,,,,,
816,マドレーヌ,,,,,,,,,,
817,カステラ,,,,,,,,,,
818,抹茶,カステラ,,,,,,,,,
819,ゆず,カステラ,,,,,,,,,
820,シュー,クリーム,,,,,,,,,
821,レンジ,作,シュー,,,,,,,,
822,エクレア,,,,,,,,,,
823,スイート,ポテト,,,,,,,,,
824,クッキー,,,,,,,,,,
825,アメリカン,クッキー,,,,,,,,,
826,アップル,パイ,,,,,,,,,
827,カスタード,プディング,,,,,,,,,
828,焼き,,,,,,,,,,
829,ふかし,,,,,,,,,,
830,蒸し,プリン,,,,,,,,,
831,わらび,もち,,,,,,,,,
832,いちご,大福,,,,,,,,,
833,いちご,ジャム,,,,,,,,,
834,りんご,甘煮,,,,,,,,,
835,カスタード,クリーム,,,,,,,,,
836,手作り,ピザ,ソフト,生地,,,,,,,
837,トマト,ソース,,,,,,,,,
838,クリスピー,ピザ,,,,,,,,,
839,マスタード,ピザ,,,,,,,,,
840,フランス,パン,バゲット,,,,,,,,
841,ごま,ごま,フランス,パン,,,,,,,
842,くるみ,ブール,,,,,,,,,
843,チーズ,プチ,パン,,,,,,,,
844,山形,食,パン,,,,,,,,
845,紅茶,食,パン,,,,,,,,
846,クランベリー,食,パン,,,,,,,,
847,バター,ロール,,,,,,,,,
848,カレー,チーズ,パン,,,,,,,,
849,トースト,,,,,,,,,,
850,フランス,パン,ブール,,,,,,,,
851,フランス,パン,（プチ,パン,,,,,,,
852,冷凍,トースト,,,,,,,,,
853,豆腐,水切り,する,,,,,,,,
854,にんにく,臭み,抜,,,,,,,,
855,アイス,クリーム,柔らか,,,,,,,,
856,チョコレート,溶か,,,,,,,,,
857,50,℃,湯,沸か,,,,,,,
858,めんつゆ,作,,,,,,,,,
859,鶏,酒,蒸し,,,,,,,,
860,キャベツ,きのこの,サラダ,,,,,,,,
861,かぼちゃ,マヨ,,,,,,,,,
862,ポテト,サラダ,,,,,,,,,
863,漁師,具,スープ,,,,,,,,
864,えび,蒸し,野菜,サルサ,ソース,,,,,,
865,えび,だんごと,長,いもの,煮物,,,,,,
866,あじ,枝豆,焼き,寿司,,,,,,,
867,スパニッシュ,オムレツ,,,,,,,,,
868,なす,ハム,重ね,焼,グラタン,,,,,,
869,豚肉,野菜,巻き,,,,,,,,
870,ポテト,クリーム,グラタン,,,,,,,,
871,いわし,トマト,重ね,,,,,,,,
872,クリスピー,ロール,カツ,,,,,,,,
873,野菜,コンビーフ,チーズ,,,,,,,,
874,なす,豚肉,重ね,,,,,,,,
875,豚,りんご,レモン,,,,,,,,
876,サクサク,かぼちゃ,コロッケ,,,,,,,,
877,クイック,ロースト,ビーフ,,,,,,,,
878,白身,魚,ソテー,野菜,,,,,,,
879,ラタトゥイユ,,,,,,,,,,
880,魚介,蒸し,サラダ,,,,,,,,
881,えび,香草,グリル,,,,,,,,
882,チーズ,カツレツ,,,,,,,,,
883,バーニャカウダ,野菜,,,,,,,,,
884,こんがり,ミート,ローフ,,,,,,,,
885,サーモン,ライス,コロッケ,,,,,,,,
886,豚肉,豆,スープ,蒸し焼き,,,,,,,
887,なす,ツナ,ボート,グラタン,,,,,,,
888,牛肉,きのこの,オープン,パイ,,,,,,,
889,アマトリ,チャーナ,,,,,,,,,
890,ハム,ときのこの,クリーム,パスタ,,,,,,,
891,豆腐,バーグ,きのこ,あんかけ,,,,,,,
892,さけ,紙包み,蒸し,,,,,,,,
893,鶏,根菜,うま煮,,,,,,,,
894,豚肉,みそ,漬焼,,,,,,,,
895,さけ,なめ,あんかけ,,,,,,,,
896,豚,水菜,煮物,,,,,,,,
897,なす,揚げ浸し,,,,,,,,,
898,ふろ,ふき,大根,,,,,,,,
899,豚,酢,じょうゆ,炒め,,,,,,,
900,月見,つく,,,,,,,,,
901,ゴーヤ,チャンプル,,,,,,,,,
902,ごま,ごま,から揚げ,,,,,,,,
903,デコ,パン,,,,,,,,,
904,クリスマス,ツリー,ピザ,,,,,,,,
905,ケーキ,ポップ,,,,,,,,,
906,絵かき,クッキー,,,,,,,,,
907,ニコニコ,お,もの,やき,プリン,,,,,,
908,牛肉,かぼちゃ,スパイス,,,,,,,,
909,クイック,シュトーレン,,,,,,,,,
910,にんじん,リゾット,ごはん,,,,,,,,
911,セロリ,鶏肉,洋風,煮込み,,,,,,,
912,えび,入り,ラヴィオリ,,,,,,,,
913,もち,焼,,,,,,,,,
914,アボカド,グラタン,,,,,,,,,
915,れんこん,ハンバーグ,,,,,,,,,
916,えび,野菜,ペペロンチーノ,,,,,,,,
917,カルボナーラ,,,,,,,,,,
918,鶏,青菜,梅,パスタ,,,,,,,
919,ナポリタン,,,,,,,,,,
920,えび,トマト,サラダ,パスタ,,,,,,,
921,クリーム,シチュー,,,,,,,,,
922,ハヤシ,ライス,ソース,,,,,,,,
923,鶏,もも,,,,,,,,,
924,フライド,ポテト,,,,,,,,,
925,さば,みそ,,,,,,,,,
926,えび,野菜,マリネ,,,,,,,,
927,きゅうり,漬け物,,,,,,,,,
928,鶏,ハム,,,,,,,,,
929,スチーム,トースト,,,,,,,,,
930,きのこの,パスタ,,,,,,,,,
931,ほたて,XO,醤,,,,,,,,
932,かに,かぶ,中華,,,,,,,,
933,麻婆,,,,,,,,,,
934,豚肉,黒酢,蒸し焼き,,,,,,,,
935,パプリカ,えび,ミンチ,詰め,,,,,,,
936,えび,マヨネーズ,ソース,,,,,,,,
937,豚肉,黒,こしょう,,,,,,,,
938,にら,まんじゅう,,,,,,,,,
939,彩り,しゅうまい,,,,,,,,,
940,牛肉,エリンギ,こしょう,ぎょうざ,,,,,,,
941,ナシゴレン,,,,,,,,,,
942,インドネシア,串焼き,,,,,,,,,
943,蒸し焼き,ビビンバ,,,,,,,,,
944,ベトナム,春巻き,,,,,,,,,
945,プルコギ,,,,,,,,,,
946,鶏,辛味,br>,ダッカルビ,,,,,,,
947,チャプチェ,,,,,,,,,,
948,魚介,かぼちゃ,クリーム,蒸し,,,,,,,
949,にんじん,ラペ,ココット,,,,,,,,
950,きのこ,とろーり,チーズ,,,,,,,,
951,フレンチ,シナモン,トースト,,,,,,,,
952,豆,ひき肉,チリ,風味,,,,,,,
953,うどん,焼,ボナーラ,,,,,,,,
954,エスニック,蒸し焼きそば,,,,,,,,,
955,和風,ドライカレー,,,,,,,,,
956,牛,ロース,みそ,丼,,,,,,,
957,ゆず,こしょう,そうめん,チャンプル,,,,,,,
958,シーフード,香草,パン,粉,,,,,,,
959,ソーセージ,,,,,,,,,,
960,小松,菜,蒸し物,,,,,,,,
961,春雨,ピリ辛,,,,,,,,,
962,白菜,豚肉,重ね煮,,,,,,,,
963,鶏,西京焼き,,,,,,,,,
964,ふんわり,お好み焼き,,,,,,,,,
965,こと,ほたて,わさび,風味,,,,,,,
966,いか,しょうが,ソース,,,,,,,,
967,スコーン,ケーキ,,,,,,,,,
968,なめらか,プリン,,,,,,,,,
969,フルーツ,もち,ロール,,,,,,,,
970,じゃがいも,牛肉,レモン,バター,,,,,,,
971,セサミ,スティック,,,,,,,,,
972,ポテト,ブレッド,,,,,,,,,
973,りんご,スナック,ピザ,,,,,,,,
974,キムチ,アボカド,カツ,,,,,,,,
975,トマト,オイル,蒸し,,,,,,,,
976,豚肉,ロール,ステーキ,,,,,,,,
977,チキン,ナゲット,,,,,,,,,
978,エッグ,スラット,,,,,,,,,
979,彩り,チキン,,,,,,,,,
980,蒸し,だんご,,,,,,,,,
981,焼,うどん,,,,,,,,,
982,かんたん,大根,,,,,,,,,
983,さけ,スパイシー,照り焼き,,,,,,,,
984,手羽,先,な,南蛮,,,,,,,
985,ガーリック,シュリンプ,,,,,,,,,
986,アスパラ,肉,巻き,,,,,,,,
987,鶏,たらこ,マヨネーズ,,,,,,,,
988,いか,セロリ,蒸し物,,,,,,,,
989,さけ,塩,蒸し,,,,,,,,
990,かんたん,バナナ,スコーン,,,,,,,,
991,パン,耳,フレンチ,トースト,,,,,,,
992,黒豆,もちもち,,,,,,,,,
993,いも,まんじゅう,,,,,,,,,
994,ライフルーツ,りんご,,,,,,,,,
995,ドライ,ハーブ,パセリ,,,,,,,,
996,サンラータン,,,,,,,,,,
997,手羽,野菜,中華,,,,,,,,
998,えび,蒸し,ぎょうざ,,,,,,,,
999,シーフード,変わり,,,,,,,,,
1000,キーマ,カレー,,,,,,,,,
1001,えび,アヒージョ,,,,,,,,,
1002,かぶ,豚,巻,蒸し,,,,,,,
1003,ライフルーツ,キウイ,,,,,,,,,
1004,ライフルーツ,バナナ,,,,,,,,,
1005,ライフルーツ,パイナップル,,,,,,,,,
1006,ライフルーツ,プチ,トマト,,,,,,,,
1007,ドライ,ハーブ,青,じそ,,,,,,,
1008,ドライ,ハーブ,セロリ,葉,,,,,,,
1009,ドライ,ハーブ,オレガノ,,,,,,,,
1010,ドライ,ハーブ,タイム,,,,,,,,
1011,ドライ,ハーブ,ローズマリー,,,,,,,,
1012,おかゆ,米,,,,,,,,,
1013,おかゆ,ごはん,,,,,,,,,
1014,油淋,鶏,ユーリンチー,,,,,,,,
1015,タンドリー,チキン,,,,,,,,,
1016,ミート,ローフ,,,,,,,,,
1017,カントリー,クッキー,,,,,,,,,
1018,アメリカン,スコーン,,,,,,,,,
1019,カップ,チーズ,ケーキ,,,,,,,,
1020,アップル,ケーキ,,,,,,,,,
1021,ガトー,ショコラ,,,,,,,,,
1022,スペアリブ,塩,,,,,,,,,
1023,ポテト,チーズ,おやき,離乳,食,完了,期,１,,,
1024,野菜,うどん,離乳,食,完了,期,1,,,,
1025,まぐろ,照り焼き,離乳,食,完了,期,1,,,,
1026,スティック,野菜,離乳,食,後期,９,１１,ヶ月,,,
1027,豆腐,ひじき,つくね,離乳,食,後期,9,11,か月,,
1028,野菜,パン,離乳,食,後期,9,11,ヶ月,,,
1029,１０,ゆ,離乳,食,初期,5,6,か月,,,
1030,白身,魚,すり,流し,離乳,食,初期,5,6,ヶ月,
1031,にんじん,マッシュ,離乳,食,初期,5,6,か月,,,
1032,かぼちゃ,入り,パン,ゆ,離乳,食,中期,7,8,か月,
1033,オムレツ,離乳,食,中期,7,8,か月,,,,
1034,さつま,いも,茶巾,離乳,食,中期,7,8,か月,,
1035,手羽,先,焼,冷凍,,,,,,,
1036,豚,バラグリル,,,,,,,,,
1037,ラムチョップ,,,,,,,,,,
1038,にんじん,ゼリー,,,,,,,,,
1039,かぼちゃ,スープ,,,,,,,,,
1040,ほうれん,カップ,シフォン,ケーキ,,,,,,,
1041,ステーキ,焼,,,,,,,,,
1042,とうもろこし,ゆで,,,,,,,,,
1043,栗,蒸,,,,,,,,,
1044,切干,大根,揚げ,煮物,,,,,,,
1045,ひじき,煮物,,,,,,,,,
1046,手羽,先,,,,,,,,,
1047,鶏,塩焼き,冷凍,,,,,,,,
1048,さんま,塩焼き,冷凍,,,,,,,,
1049,あさり,ゆず,こしょう,パスタ,,,,,,,
1050,えび,チリ,ソース,,,,,,,,
1051,手作り,ぎょうざ,,,,,,,,,
1052,牛肉,きのこの,クリーム,,,,,,,,
1053,豚肉,マスタード,ソース,,,,,,,,
1054,鶏肉,バスク,,,,,,,,,
1055,キッシュ,オムレツ,,,,,,,,,
1056,さけ,クリーム,,,,,,,,,
1057,プロヴァンス,,,,,,,,,,
1058,かに,玉,,,,,,,,,
1059,酢豚,,,,,,,,,,
1060,回鍋肉,ホイ,コーロウ,,,,,,,,
1061,八宝,,,,,,,,,,
1062,麻婆,豆腐,,,,,,,,,
1063,塩ざけ,減塩,,,,,,,,,
1064,あじ,開き,減塩,,,,,,,,
1065,あじ,開き,冷凍,減塩,,,,,,,
1066,塩ざけ,冷凍,減塩,,,,,,,,
1067,塩,減塩,,,,,,,,,
1068,塩,冷凍,減塩,,,,,,,,
1069,,,,,,,,,,,
1070,塩,,,,,,,,,,
1071,ヨーグルト,,,,,,,,,,
1072,さけ,甘酒,漬,,,,,,,,
1073,さわら,甘酒,漬,,,,,,,,
1074,甘酒,フレンチ,トースト,,,,,,,,
1075,甘酒,パン,,,,,,,,,
1076,甘酒,,,,,,,,,,
1077,たら,野菜,中華,,,,,,,,
1078,牛,ステーキ,トマト,のせ,,,,,,,
1079,豚肉,マスタード,クリーム,,,,,,,,
1080,あげ,わかめ,味噌,汁,,,,,,,
1081,アボカド,小海老,ディップ,,,,,,,,
1082,アボカド,味噌,グラタン,,,,,,,,
1083,イカ,あさり,トマト,,,,,,,,
1084,イタリアン,サラダ,,,,,,,,,
1085,いんげん,肉,味噌,,,,,,,,
1086,えのき,茸,わかめ,味噌,汁,,,,,,
1087,エビ,生,春巻き,,,,,,,,
1088,おから,入り,ふわふわ,チキン,ボール,,,,,,
1089,オニオン,グラタン,スープ,,,,,,,,
1090,カジキ,ムニエル,,,,,,,,,
1091,かぶ,サラダ,,,,,,,,,
1092,かぼちゃ,油揚げ,味噌,汁,,,,,,,
1093,かぼちゃ,コロッケ,,,,,,,,,
1094,かぼちゃ,スープ,,,,,,,,,
1095,かぼちゃ,ピザ,,,,,,,,,
1096,カレイ,から揚げ,,,,,,,,,
1097,きのこ,パスタ,,,,,,,,,
1098,キャベツ,あげ,味噌,汁,,,,,,,
1099,キャベツ,トマト,味噌,汁,,,,,,,
1100,キャベツ,卵,スープ,,,,,,,,
1101,キャベツ,メンチカツ,,,,,,,,,
1102,きゅうり,わかめ,サラダ,,,,,,,,
1103,きゅうり,豚しゃぶ,サラダ,,,,,,,,
1104,きゅうり,塩,昆布,,,,,,,,
1105,きゅうり,辛子,,,,,,,,,
1106,グリンピース,甘煮,,,,,,,,,
1107,ゴーヤ,チャンプルー,,,,,,,,,
1108,ゴーヤ,サラダ,,,,,,,,,
1109,コールスロー,サラダ,,,,,,,,,
1110,コーン,スープ,,,,,,,,,
1111,コンソメ,スープ,,,,,,,,,
1112,サーモン,ハーブ,グリル,,,,,,,,
1113,サワー,,,,,,,,,,
1114,しし,唐,ベーコン,巻,,,,,,,
1115,ジャージャー,麺,,,,,,,,,
1116,じゃがいも,コーン,しめじ,スープ,,,,,,,
1117,じゃがいも,冷た,スープ,,,,,,,,
1118,じゃこ,梅,混ぜ,ご飯,,,,,,,
1119,セロリ,りんご,サラダ,,,,,,,,
1120,こと,パプリカ,マリネ,,,,,,,,
1121,たこと,彩り,野菜,サラダ,,,,,,,
1122,チキン,グレープフルーツ,サラダ,,,,,,,,
1123,チキン,トマト,,,,,,,,,
1124,チキン,ハーブ,グリル,,,,,,,,
1125,チキンバー,ポテト,,,,,,,,,
1126,チョレギ,サラダ,,,,,,,,,
1127,ツナ,マカロニ,サラダ,,,,,,,,
1128,とうもろこし,スープ,,,,,,,,,
1129,トマト,スープ,,,,,,,,,
1130,トマト,スライス,,,,,,,,,
1131,トマト,いんげん,ヨーグルト,サラダ,,,,,,,
1132,とろろ,昆布,吸い物,,,,,,,,
1133,ナス,かぼちゃ,味噌,汁,,,,,,,
1134,ナス,あっさり,,,,,,,,,
1135,ナス,ミート,グラタン,,,,,,,,
1136,にゅう,麺,,,,,,,,,
1137,ニラ,玉,,,,,,,,,
1138,ねぎ,ソース,冷奴,,,,,,,,
1139,ねぎ,じゃがいも,温か,スープ,,,,,,,
1140,パプリカ,マリネ,,,,,,,,,
1141,パンプキン,サラダ,,,,,,,,,
1142,野菜,たっぷり,焼き,ビーフン,,,,,,,
1143,ピーマン,昆布,,,,,,,,,
1144,ピリ辛,きゅうり,,,,,,,,,
1145,ブロッコリー,アスパラガス,ヨーグルト,サラダ,,,,,,,
1146,ベーコン,チーズ,サラダ,,,,,,,,
1147,ベーコン,大根,スープ,,,,,,,,
1148,ベジスープ,,,,,,,,,,
1149,ほうれん,人参,ちくわ,炒め物,,,,,,,
1150,ほうれん,ナムル,,,,,,,,,
1151,ほうれん,草,卵,巻き,,,,,,,
1152,ホタルイカ,酢,味噌,,,,,,,,
1153,ポテト,サラダ,,,,,,,,,
1154,マグロ,アボカド,寿司,,,,,,,,
1155,ミネストローネ,,,,,,,,,,
1156,モロヘイヤ,トマト,スープ,,,,,,,,
1157,レタス,炒飯,,,,,,,,,
1158,レンコン,バター,,,,,,,,,
1159,わかめ,スープ,,,,,,,,,
1160,わかめ,麩,吸い物,,,,,,,,
1161,わかめ,麩,味噌,汁,,,,,,,
1162,わかめ,きゅうり,酢の物,,,,,,,,
1163,わかめ,吸い物,,,,,,,,,
1164,鰯,かば,,,,,,,,,
1165,鰯,梅煮,,,,,,,,,
1166,塩,肉じゃが,,,,,,,,,
1167,塩揉,キャベツ,,,,,,,,,
1168,玉ねぎ,油揚げ,味噌,汁,,,,,,,
1169,鶏,ささみ,チーズ,ロール,,,,,,,
1170,鶏,ささみ,梅肉,巻き,,,,,,,
1171,鶏,味噌,,,,,,,,,
1172,鶏,団子,キャベツ,スープ,,,,,,,
1173,鮭,混ぜ,寿司,,,,,,,,
1174,鮭,味噌,マヨ,グリル,,,,,,,
1175,鯖,きのこ,,,,,,,,,
1176,三色,ナムル,,,,,,,,,
1177,三色,野菜,紫,ナス,,,,,,,
1178,三色,野菜,紫,セロリ,,,,,,,
1179,三色,野菜,卵,炒め,,,,,,,
1180,酸辣,湯,,,,,,,,,
1181,春雨,サラダ,,,,,,,,,
1182,春雨,スープ,,,,,,,,,
1183,春菊,サラダ,,,,,,,,,
1184,小松菜,卵とじ,,,,,,,,,
1185,焼き,ナス,,,,,,,,,
1186,蒸し,鶏,肉,味噌,かけ,,,,,,
1187,蒸し,鶏,味噌,マヨ,ソース,,,,,,
1188,人参,セロリ,スープ,,,,,,,,
1189,水菜,油揚げ,サラダ,,,,,,,,
1190,水菜,卵,スープ,,,,,,,,
1191,青菜,,,,,,,,,,
1192,大根,浅漬け,,,,,,,,,
1193,大豆,サラダ,マリネ,,,,,,,,
1194,大葉,ミニ,トマト,マリネ,,,,,,,
1195,中華,茶わん,蒸し,,,,,,,,
1196,長芋,オクラ,おかか,和え,,,,,,,
1197,長芋,梅肉,,,,,,,,,
1198,椎茸,アヒージョ,,,,,,,,,
1199,椎茸,肉詰め,,,,,,,,,
1200,天津,飯,,,,,,,,,
1201,豆腐,ステーキ,,,,,,,,,
1202,豆腐,わかめ,味噌,汁,,,,,,,
1203,豚しゃぶ,うどん,,,,,,,,,
1204,豚肉,長芋,梅,巻き,,,,,,,
1205,肉,味噌,豆腐,,,,,,,,
1206,納豆,おろし,,,,,,,,,
1207,梅,きゅうり,即席,,,,,,,,
1208,梅,大葉,冷奴,,,,,,,,
1209,白菜,卵,スープ,,,,,,,,
1210,野菜,たっぷり,塩焼きそば,,,,,,,,
1211,野菜,卵,スープ,,,,,,,,
1212,冷奴,,,,,,,,,,
1213,筍,わかめ,酢,味噌,,,,,,,
1214,マカロニ,サラダ,,,,,,,,,
1215,ヨーグルト,サラダ,,,,,,,,,
1216,鯵,ピカタ,,,,,,,,,
1217,春,キャベツ,絹さや,ベーコン,炒め物,,,,,,
1218,玉ねぎ,サラダ,,,,,,,,,
1219,大根,甘酢,,,,,,,,,
1220,長芋,サラダ,,,,,,,,,
1221,金時,豆,甘煮,,,,,,,,
1222,サーモン,かぶ,巻き,,,,,,,,
1223,大根,ホタテ,サラダ,,,,,,,,
1224,ちゃんこ鍋,,,,,,,,,,
1225,おでん,,,,,,,,,,
1226,大根,辛子,,,,,,,,,
1227,かぶと,エビ,クリーム,,,,,,,,
1228,ほうれん,牡蠣,グラタン,,,,,,,,
1229,みぞれ,豚しゃぶ,鍋,,,,,,,,
1230,ベーコン,野菜,ポトフ,,,,,,,,
1231,チキン,白菜,クリーム,,,,,,,,
1232,ロール,キャベツ,,,,,,,,,
1233,じゃがいも,豚,バラ,ザーサイ,,,,,,,
1234,豚バラ,大豆,チリコン,カン,,,,,,,
1235,人参,かぼちゃ,ゴマ,味噌,,,,,,,
1236,かま,塩焼き,,,,,,,,,
1237,エビ,アボカド,サラダ,,,,,,,,
1238,カレイ,煮付け,,,,,,,,,
1239,ズッキーニ,ハンバーグ,,,,,,,,,
1240,こんがり,ポテト,ポーク,サラダ,,,,,,,
1241,ゴーヤ,ツナ,厚焼き,玉子,,,,,,,
1242,とうもろこし,焼き,しゅうまい,,,,,,,,
1243,ふんわり,カバーグ,,,,,,,,,
1244,ポテト,グラタン,,,,,,,,,
1245,こと,イカ,ガーリック,,,,,,,,
1246,玉子,どうふ,スープ,,,,,,,,
1247,トマト,卵,ボリューム,,,,,,,,
1248,さつま,いも,豚肉,煮物,,,,,,,
1249,セロリ,ささみ,シャキシャキ,サラダ,,,,,,,
1250,ニラ,たこ,キムチ,,,,,,,,
1251,まぐろ,アボカド,サラダ,,,,,,,,
1252,里芋,そぼろ,,,,,,,,,
1253,豆腐,もやし,中華,,,,,,,,
1254,切り干し,大根,モリモリ,サラダ,,,,,,,
1255,じゃがいも,ベーコン,味噌,汁,,,,,,,
1256,青梗,椎茸,スープ,,,,,,,,
1257,わかめ,しめじ,オイスター,,,,,,,,
1258,ナス,枝豆,生姜,まぶ,,,,,,,
1259,鯖,韓国,みそ,,,,,,,,
1260,レタス,ベーコン,,,,,,,,,
1261,きゅうり,ごま,油,ピリ辛,,,,,,,
1262,ズッキーニ,ナムル,,,,,,,,,
1263,レンコン,しめじ,イタリアン,,,,,,,,
1264,白菜,ひき肉,中華,,,,,,,,
1265,椎茸,ツナ,コーン,,,,,,,,
1266,ブロッコリー,白身,魚,黄金,,,,,,,
1267,鶏,ごぼう,めし,,,,,,,,
1268,大根,ピリ辛,あんかけ,,,,,,,,
1269,ごぼう,田舎,,,,,,,,,
1270,ほうれん,パプリカ,ナムル,,,,,,,,
1271,えび,ブロッコリー,マヨネーズ,,,,,,,,
1272,カレー,風味,ごぼう,サラダ,,,,,,,
1273,塩,つく,,,,,,,,,
1274,きのこの,すまし汁,,,,,,,,,
1275,さつま,いも,コロコロ,サラダ,,,,,,,
1276,玉ねぎ,シーザー,サラダ,,,,,,,,
1277,ナス,ピーマン,,,,,,,,,
1278,きのこの,中華,スープ,,,,,,,,
1279,ブロッコリー,タルタル,ソース,,,,,,,,
1280,じゃがいも,明太,ソース,,,,,,,,
1281,もずく,スープ,,,,,,,,,
1282,まろやか,豆腐,スープ,,,,,,,,
1283,キャベツ,甘辛,酢和え,,,,,,,,
1284,レタス,トマト,スープ,,,,,,,,
1285,タコ,きゅうり,ザーサイ,和え,,,,,,,
1286,豆腐,納豆,チーズ,,,,,,,,
1287,ゆで,豚,サラダ,,,,,,,,
1288,しじみ,味噌,汁,,,,,,,,
1289,長芋,味噌,汁,,,,,,,,
1290,名古屋,雑煮,,,,,,,,,
1291,えのき,バーグ,,,,,,,,,
1292,ちくわ,天,,,,,,,,,
1293,鶏肉,スパイス,,,,,,,,,
1294,鶏肉,マーマレード,,,,,,,,,
1295,きのこの,オイスター,ソース,,,,,,,,
1296,長芋,シーフード,グラタン,,,,,,,,
1297,ほうれん,エビ,入り,ソテー,,,,,,,
1298,エビ,カリフラワー,マヨネーズ,,,,,,,,
1299,豚肉,アスパラガス,,,,,,,,,
1300,豚肉,オクラ,チャンプルー,,,,,,,,
1301,大根,豚,煮物,,,,,,,,
1302,串焼き,ピカタ,,,,,,,,,
1303,ブロッコリー,牛肉,中華,,,,,,,,
1304,ニラ,豆腐,帆立,仕立て,,,,,,,
1305,筍,おかか,,,,,,,,,
1306,ひじき,ツナマヨ,サラダ,,,,,,,,
1307,海老,ブロッコリー,サラダ,,,,,,,,
1308,ふんわり,つく,,,,,,,,,
1309,ポーク,ピカタ,,,,,,,,,
1310,アスパラガス,卵焼き,,,,,,,,,
1311,キャベツ,アボカド,きゅうり,グリーン,サラダ,,,,,,
1312,海鮮,サラダ,,,,,,,,,
1313,鶏肉,ブロッコリー,こってり,,,,,,,,
1314,春,キャベツ,玉ねぎ,蒸し焼き,,,,,,,
1315,さわら,菜の花,アクアパッツア,,,,,,,,
1316,春,キャベツ,人参,マリネ,サラダ,,,,,,
1317,シェル,マカロニ,バジル,風味,,,,,,,
1318,金目,鯛,ごぼう,含め煮,,,,,,,
1319,千切り,野菜,食べ,鯖,唐揚げ,,,,,,
1320,究極,黒豚,根菜,バーグ,きのこ,あんかけ,,,,,
1321,鶏,ささみ,酸辣,,,,,,,,
1322,鶏,ささみ,水菜,柚子,ドレッシング,,,,,,
1323,生麩,野菜,柚子,味噌,かけ,,,,,,
1324,ブリ,豆腐,すき煮,,,,,,,,
1325,ブリ,野菜,トマト,,,,,,,,
1326,鮭,ほうれん,草,オムレツ,,,,,,,
1327,鮭,野菜,甘辛,ねぎ,ソース,,,,,,
1328,スモーク,サーモン,麹,,,,,,,,
1329,スモーク,サーモン,ほうれん,フィットチーネ,,,,,,,
1330,牡蠣,スモーク,サーモン,巻,ソテー,,,,,,
1331,きゅうり,薄焼き,卵,酢の物,,,,,,,
1332,もやしの,卵,巻き,,,,,,,,
1333,豆腐,カニ,玉,あんかけ,,,,,,,
1334,炒飯,,,,,,,,,,
1335,人参,し,し,,,,,,,,
1336,トマト,じゃこ,オムレツ,,,,,,,,
1337,あさり,たけのこの,パスタ,,,,,,,,
1338,アボカド,鮭,クリーミー,グラタン,,,,,,,
1339,豚肉,キャベツ,重ね蒸し,,,,,,,,
1340,しめじ,パプリカ,マスタード,和え,,,,,,,
1341,鰻,きゅうり,酢の物,,,,,,,,
1342,エスニック,串焼き,,,,,,,,,
1343,イタリアングリーン,サラダ,,,,,,,,,
1344,ガスパチョ,,,,,,,,,,
1345,エビ,ブロッコリー,ヨーグルト,サラダ,,,,,,,
1346,揚げ,ナス,素麺,,,,,,,,
1347,トマト,煮びたし,,,,,,,,,
1348,しめじ,スープ,,,,,,,,,
1349,かつお,たた,サラダ,,,,,,,,
1350,豚肉,ときのこの,オイスター,,,,,,,,
1351,パクチー,もやし,ジャージャー,麺,,,,,,,
1352,アーモンド,入り,チョップ,サラダ,,,,,,,
1353,きゅうり,酢の物,,,,,,,,,
1354,イカ,とき,梅,,,,,,,,
1355,ホット,プレート,ビビンバ,,,,,,,,
1356,マグロ,カルパッチョ,,,,,,,,,
1357,鶏,肉,パプリカ,ビネガー,,,,,,,
1358,牛,サーロイン,タリアータ,サラダ,仕立て,,,,,,
1359,イクラ,長芋,サラダ,,,,,,,,
1360,イクラ,スモーク,サーモン,クリーム,パスタ,,,,,,
1361,牡蠣,エリンギ,ガーリック,バター,,,,,,,
1362,チーズ,フォンデュ,,,,,,,,,
1363,人参,ピーマン,おかか,和え,,,,,,,
1364,きゅうり,人参,ピーラー,サラダ,,,,,,,
1365,生姜,たれ,食べ,肉,野菜,,,,,,
1366,さつま,いも,クルミ,サラダ,,,,,,,
1367,さつま,いもの,吹き寄せ,甘酢,,,,,,,
1368,もやし,豚,バラ肉,ピリ辛,中華,,,,,,
1369,もやし,ツナ,卵とじ,,,,,,,,
1370,真鯛,アクアパッツァ,,,,,,,,,
1371,真鯛,昆布,じめ,,,,,,,,
1372,海老,牡蠣,アヒージョ,,,,,,,,
1373,舌平目,ムニエル,椎茸,バター,ソース,,,,,,
1374,サーロイン,ステーキ,彩り,野菜,グリル,,,,,,
1375,舌平目,コキール,,,,,,,,,
1376,鮭,白菜,とろ～り,あんかけ,,,,,,,
1377,タラ,たっぷり,野菜,レンジ,蒸し,,,,,,
1378,タラ,チゲ,鍋,,,,,,,,
1379,塩鮭,入り,じゃがいも,餅,あんかけ,,,,,,
1380,ねばねば,丼,,,,,,,,,
1381,柔らか,ふろ,ふき,大根,,,,,,,
1382,ブリ,大根,,,,,,,,,
1383,カブ,みぞれ鍋,,,,,,,,,
1384,餅,ツナ,肉巻き,,,,,,,,
1385,みかん,ベビー,リーフ,サラダ,,,,,,,
1386,みかん,寒天,ゼリー,,,,,,,,
1387,七草,じゃこの,佃煮,,,,,,,,
1388,きのこの,オイル,,,,,,,,,
1389,きのこの,オムレツ,,,,,,,,,
1390,じゃがいも,タラ,グラタン,,,,,,,,
1391,春菊,マッシュルーム,サラダ,,,,,,,,
1392,水菜,人参,ナムル,,,,,,,,
1393,味噌,,,,,,,,,,
1394,もつ,鍋,,,,,,,,,
1395,ハム,フレッシュ,野菜,サラダ,,,,,,,
1396,冬野菜,鯛,姿,蒸し,,,,,,,
1397,ひな,ちらし,寿司,,,,,,,,
1398,はまぐり,潮汁,,,,,,,,,
1399,玉ねぎ,えのき,コンソメ,スープ,,,,,,,
1400,スモーク,サーモン,ちらし,寿司,,,,,,,
1401,しら,ピーマン,ピリ辛,,,,,,,,
1402,バジル,香,ガパオ,,,,,,,,
1403,チーズキン,,,,,,,,,,
1404,くるみ,ゆず,いなり,,,,,,,,
1405,トム,カー,ガイ,,,,,,,,
1406,パクチー,マーボー,丼,,,,,,,,
1407,ソムタム,,,,,,,,,,
1408,たまねぎ,カップ,明石焼き,,,,,,,,
1409,天かす,青のり,にぎりめし,,,,,,,,
1410,黒豆,ワイン,,,,,,,,,
1411,持て余し,もっちり,おこわ,,,,,,,,
1412,さくら,手まり,おにぎり,,,,,,,,
1413,じゃが,豚,バラ,ウーロン,,,,,,,
1414,トムヤムクン,,,,,,,,,,
1415,えび,バラ,ぎょうざ,,,,,,,,
1416,ほっけ,干物,アクアパッツア,,,,,,,,
1417,持て余し,ダブル,しゅうまい,,,,,,,,
1418,スタッフ,バゲット,えび,,,,,,,,
1419,手羽,グリル,はちみつ,しょうゆ,,,,,,,
1420,五平,ドック,,,,,,,,,
1421,肉,巻,切りもち,トッポ,,,,,,,
1422,ビスケット,,,,,,,,,,
1423,プル,アパート,ブレッド,,,,,,,,
1424,ぎゅう詰め,オーブン,,,,,,,,,
1425,クムピル,,,,,,,,,,
1426,ふわしゅ,パンケーキ,,,,,,,,,
1427,秋,プチ,桃山,,,,,,,,
1428,食べ,トマト,油,,,,,,,,
1429,サーモン,オーブン,,,,,,,,,
1430,じゃがいも,ミルフィーユ,,,,,,,,,
1431,北欧,風,ダリオン,,,,,,,,
1432,ネイキッド,ケーキ,,,,,,,,,
1433,もち,DE,ラザニア,,,,,,,,
1434,韓国,やきとり,タッコチ,,,,,,,,
1435,冷凍,うどん,包,蒸し,,,,,,,
1436,レンジ,DE,チョコ,ケーキ,,,,,,,
1437,チーズ,チキン,マフィン,,,,,,,,
1438,レタス,中華,サラダ,,,,,,,,
1439,えのき,タイ,サラダ,,,,,,,,
1440,インドネシア,サラダ,,,,,,,,,
1441,ズッキーニ,チーズ,サラダ,,,,,,,,
1442,じゃがいも,たらこ,マヨネーズ,,,,,,,,
1443,れんこん,カレーマヨ,きんぴら,,,,,,,,
1444,にんじん,ハニー,マスタード,,,,,,,,
1445,セロリ,たこの,酢,みそ,あえ,,,,,,
1446,オクラ,梅肉,,,,,,,,,
1447,ピーマン,ツナ,塩,昆布,,,,,,,
1448,きのこの,ナムル,,,,,,,,,
1449,白菜,水,キムチ,,,,,,,,
1450,豚,野菜,ごま,みそ,,,,,,,
1451,豚,野菜,ごま,みそ,焼,冷凍,,,,,
1452,豚,バラ,大根,マヨ,照り焼き,,,,,,
1453,豚,バラ,大根,マヨ,照り焼き,冷凍,,,,,
1454,ポーク,トマト,,,,,,,,,
1455,ポーク,トマト,冷凍,,,,,,,,
1456,キャベツ,メンチカツ,,,,,,,,,
1457,キャベツ,メンチカツ,冷凍,,,,,,,,
1458,肉,巻,厚揚げ,,,,,,,,
1459,肉,巻,厚揚げ,冷凍,,,,,,,
1460,鶏,野菜,辛味,,,,,,,,
1461,鶏,野菜,辛味,焼,冷凍,,,,,,
1462,さけ,野菜,白みそ,風,ソテー,,,,,,
1463,さけ,野菜,白みそ,風,ソテー,冷凍,,,,,
1464,えび,野菜,カレーマヨ,,,,,,,,
1465,えび,野菜,カレーマヨ,焼,冷凍,,,,,,
1466,鶏,照り焼き,かぼちゃ,煮物,,,,,,,
1467,しいたけ,肉詰め,和風,カレー,スープ,,,,,,
1468,つく,だんご,野菜,スープ,,,,,,,
1469,さけ,厚あげ,焼,野菜,,,,,,,
1470,塩,五色,きんぴら,,,,,,,,
1471,肉,だんご,甘酢,,,,,,,,
1472,おから,ハンバーグ,野菜,ソース,,,,,,,
1473,焼き,おにぎり,豚汁,,,,,,,,
1474,焼き豚,チャーハン,もやし,スープ,,,,,,,
1475,鶏,から揚げ,八宝,菜,煮物,,,,,,
1476,鶏,から揚げ,白菜,あげ,煮物,,,,,,
1477,焼きもち,すまし,雑煮,,,,,,,,
1478,焼きもち,ぜんざい,,,,,,,,,
1479,鶏,マヨ,あさり,ボンゴレ,,,,,,,
1480,野菜,チーズ,焼き<,マカロニ,,,,,,,
1481,塩焼き,赤飯,,,,,,,,,
1482,ちゃん,山菜,おこわ,,,,,,,,
1483,青菜,煮物,,,,,,,,,
1484,野菜,バター,,,,,,,,,
1485,かぼちゃ,煮物,,,,,,,,,
1486,きんぴら,,,,,,,,,,
1487,野菜,カレー,,,,,,,,,
1488,じゃがいも,ベーコン,煮物,,,,,,,,
1489,大根,ツナ,煮物,,,,,,,,
1490,れんこん,煮物,,,,,,,,,
1491,ビーフ,カレー,,,,,,,,,
1492,いわし,しょう,煮,,,,,,,,
1493,かれい,煮付け,,,,,,,,,
1494,五目,豆,,,,,,,,,
1495,黒豆,,,,,,,,,,
1496,茶わん,蒸し,,,,,,,,,
1497,温泉,,,,,,,,,,
1498,ゆで卵,,,,,,,,,,
1499,チルド,ぎょうざ,,,,,,,,,
1500,小籠,包,ショウ,ロンポウ,,,,,,,
1501,肉まん,手作り,,,,,,,,,
1502,手作り,しゅうまい,,,,,,,,,
1503,豆腐,しゅうまい,,,,,,,,,
1504,一,尾,魚,蒸し物,,,,,,,
1505,アクアパッツア,,,,,,,,,,
1506,さけ,あさり,ハーブ,蒸し,,,,,,,
1507,焼き豚,,,,,,,,,,
1508,鶏,塩焼き,,,,,,,,,
1509,焼き,,,,,,,,,,
1510,ロースト,チキン,,,,,,,,,
1511,ロースト,ビーフ,,,,,,,,,
1512,さんま,塩焼き,,,,,,,,,
1513,ほっけ,開き,,,,,,,,,
1514,たい,姿,,,,,,,,,
1515,さけ,しめじ,ホイル,,,,,,,,
1516,焼きなす,,,,,,,,,,
1517,マカロニ,グラタン,,,,,,,,,
1518,じゃがいも,グラタン,,,,,,,,,
1519,ホワイト,ソース,,,,,,,,,
1520,ハンバーグ,,,,,,,,,,
1521,おから,入り,ハンバーグ,,,,,,,,
1522,野菜,ハンバーグ,,,,,,,,,
1523,小松,菜,入り,鶏,ハンバーグ,,,,,,
1524,鶏,照り焼き,,,,,,,,,
1525,鶏,黒酢,照り焼き,,,,,,,,
1526,鶏,レモン,風味,照り焼き,,,,,,,
1527,鶏,ゆず,こしょう,,,,,,,,
1528,手羽,元,香味,,,,,,,,
1529,手羽,元,甘辛,,,,,,,,
1530,手羽,元,カレー,,,,,,,,
1531,肉,巻き,野菜,,,,,,,,
1532,もち,めんたい,巻き,,,,,,,,
1533,ウィンナー,野菜,巻き,,,,,,,,
1534,しいたけ,肉詰め,,,,,,,,,
1535,ピーマン,肉詰め,,,,,,,,,
1536,手羽,元,彩り,野菜,,,,,,,
1537,あじ,開き,,,,,,,,,
1538,塩,さば,,,,,,,,,
1539,さば,こしょう,,,,,,,,,
1540,さば,酢,じょうゆ,焼き,,,,,,,
1541,さば,梅,風味,,,,,,,,
1542,塩ざけ,,,,,,,,,,
1543,さけ,香草,,,,,,,,,
1544,さけ,照り焼き,,,,,,,,,
1545,さけ,チーズ,ソテー,,,,,,,,
1546,ぶり,照り焼き,,,,,,,,,
1547,さわら,漬焼,,,,,,,,,
1548,さわら,中華,,,,,,,,,
1549,さわら,ごま,酢,,,,,,,,
1550,さわら,めんたい,マヨ,,,,,,,,
1551,焼き,野菜,,,,,,,,,
1552,和風,野菜,,,,,,,,,
1553,マリネ,焼,野菜,,,,,,,,
1554,ハンバーグ,冷凍,,,,,,,,,
1555,おから,入り,ハンバーグ,冷凍,,,,,,,
1556,野菜,ハンバーグ,冷凍,,,,,,,,
1557,小松,菜,入り,鶏,ハンバーグ,冷凍,,,,,
1558,鶏,照り焼き,冷凍,,,,,,,,
1559,鶏,黒酢,照り焼き,冷凍,,,,,,,
1560,鶏,レモン,風味,照り焼き,冷凍,,,,,,
1561,鶏,ゆず,こしょう,冷凍,,,,,,,
1562,手羽,元,香味,焼,冷凍,,,,,,
1563,手羽,元,甘辛,焼,冷凍,,,,,,
1564,手羽,元,カレー,冷凍,,,,,,,
1565,肉,巻き,野菜,冷凍,,,,,,,
1566,もち,めんたい,巻き,冷凍,,,,,,,
1567,ウィンナー,野菜,巻き,冷凍,,,,,,,
1568,しいたけ,肉詰め,冷凍,,,,,,,,
1569,ピーマン,肉詰め,冷凍,,,,,,,,
1570,手羽,元,彩り,野菜,冷凍,,,,,,
1571,あじ,開き,冷凍,,,,,,,,
1572,塩,冷凍,,,,,,,,,
1573,さば,こしょう,冷凍,,,,,,,,
1574,さば,酢,じょうゆ,焼き<,冷凍,,,,,,
1575,さば,梅,風味,焼,冷凍,,,,,,
1576,塩ざけ,冷凍,,,,,,,,,
1577,さけ,香草,焼,冷凍,,,,,,,
1578,さけ,照り焼き,冷凍,,,,,,,,
1579,さけ,チーズ,ソテー,冷凍,,,,,,,
1580,ぶり,照り焼き,冷凍,,,,,,,,
1581,さわら,漬焼,冷凍,,,,,,,,
1582,さわら,中華,冷凍,,,,,,,,
1583,さわら,ごま,酢,焼,冷凍,,,,,,
1584,さわら,めんたい,マヨ,焼,冷凍,,,,,,
1585,野菜,冷凍,,,,,,,,,
1586,和風,野菜,冷凍,,,,,,,,
1587,マリネ,焼,野菜,冷凍,,,,,,,
1588,豚,キムチ,春巻き,,,,,,,,
1589,鶏,らっきょう,春巻き,,,,,,,,
1590,鶏,から揚げ,,,,,,,,,
1591,鶏,かんたん,から揚げ,,,,,,,,
1592,鶏,ごま,風味,から揚げ,,,,,,,
1593,いわし,フライ,,,,,,,,,
1594,えび,フライ,,,,,,,,,
1595,とんかつ,,,,,,,,,,
1596,串,,,,,,,,,,
1597,豚,キムチ,春巻き,冷凍,,,,,,,
1598,牛肉,春巻き,冷凍,,,,,,,,
1599,鶏,らっきょう,春巻き,冷凍,,,,,,,
1600,鶏,から揚げ,冷凍,,,,,,,,
1601,鶏,かんたん,から揚げ,冷凍,,,,,,,
1602,鶏,ごま,風味,から揚げ,冷凍,,,,,,
1603,スナック,ピザ,,,,,,,,,
1604,フォカッチャ,,,,,,,,,,
1605,肉じゃが,,,,,,,,,,
1606,さんま,コンフィ,,,,,,,,,
1607,クマ,ハンバーグ,,,,,,,,,
1608,鶏肉,コンフィ,,,,,,,,,
1609,鶏肉,コンフィ,ソテー,,,,,,,,
1610,さんま,カラフル,パスタ,,,,,,,,
1611,豚肉,コンフィ,,,,,,,,,
1612,豚肉,コンフィ,サンドウィッチ,,,,,,,,
1613,牛肉,春巻き,,,,,,,,,
1614,枝豆,,,,,,,,,,
1615,なす,ピリ辛,,,,,,,,,
1616,さや,いんげん,ごま,みそ,あえ,,,,,,
1617,手作り,おにぎり,,,,,,,,,
1618,チーズ,入り,焼き,おにぎり,,,,,,,
1619,なめたけ,焼き,おにぎり,,,,,,,,
1620,モッチーズ,,,,,,,,,,
1621,チキン,ライス,,,,,,,,,
1622,白,ごはん,,,,,,,,,
1623,赤飯,,,,,,,,,,
1624,ソース,焼きそば,,,,,,,,,
1625,手作り,おにぎり,冷凍,,,,,,,,
1626,チーズ,入り,焼き,おにぎり,冷凍,,,,,,
1627,なめたけ,焼き,おにぎり,冷凍,,,,,,,
1628,モッチーズ,冷凍,,,,,,,,,
1629,チョコレート,ケーキ,,,,,,,,,
1630,いちご,ショート,ケーキ,,,,,,,,
1631,フルーツ,ケーキ,,,,,,,,,
1632,チーズ,ケーキ,,,,,,,,,
1633,シフォン,ケーキ,,,,,,,,,
1634,ロール,ケーキ,,,,,,,,,
1635,抹茶,ロール,ケーキ,,,,,,,,
1636,ココア,ロール,ケーキ,,,,,,,,
1637,マドレーヌ,,,,,,,,,,
1638,カステラ,,,,,,,,,,
1639,抹茶,カステラ,,,,,,,,,
1640,ゆず,カステラ,,,,,,,,,
1641,シュー,クリーム,,,,,,,,,
1642,レンジ,作,シュー,,,,,,,,
1643,エクレア,,,,,,,,,,
1644,スイート,ポテト,,,,,,,,,
1645,クッキー,,,,,,,,,,
1646,アメリカン,クッキー,,,,,,,,,
1647,アップル,パイ,,,,,,,,,
1648,カスタード,プディング,,,,,,,,,
1649,焼き,,,,,,,,,,
1650,ふかし,,,,,,,,,,
1651,蒸し,プリン,,,,,,,,,
1652,わらび,もち,,,,,,,,,
1653,いちご,大福,,,,,,,,,
1654,いちご,ジャム,,,,,,,,,
1655,りんご,甘煮,,,,,,,,,
1656,カスタード,クリーム,,,,,,,,,
1657,手作り,ピザ,ソフト,生地,,,,,,,
1658,トマト,ソース,,,,,,,,,
1659,クリスピー,ピザ,,,,,,,,,
1660,マスタード,ピザ,,,,,,,,,
1661,フランス,パン,バゲット,,,,,,,,
1662,ごま,ごま,フランス,パン,,,,,,,
1663,くるみ,ブール,,,,,,,,,
1664,チーズ,プチ,パン,,,,,,,,
1665,山形,食,パン,,,,,,,,
1666,紅茶,食,パン,,,,,,,,
1667,クランベリー,食,パン,,,,,,,,
1668,バター,ロール,,,,,,,,,
1669,カレー,チーズ,パン,,,,,,,,
1670,トースト,,,,,,,,,,
1671,フランス,パン,ブール,,,,,,,,
1672,フランス,パン,（プチ,パン,,,,,,,
1673,冷凍,トースト,,,,,,,,,
1674,豆腐,水切り,する,,,,,,,,
1675,にんにく,臭み,抜,,,,,,,,
1676,アイス,クリーム,柔らか,,,,,,,,
1677,チョコレート,溶か,,,,,,,,,
1678,50,℃,湯,沸か,,,,,,,
1679,めんつゆ,作,,,,,,,,,
1680,鶏,酒,蒸し,,,,,,,,
1681,キャベツ,きのこの,サラダ,,,,,,,,
1682,かぼちゃ,マヨ,,,,,,,,,
1683,ポテト,サラダ,,,,,,,,,
1684,漁師,具,スープ,,,,,,,,
1685,えび,蒸し,野菜,サルサ,ソース,,,,,,
1686,えび,だんごと,長,いもの,煮物,,,,,,
1687,あじ,枝豆,焼き,寿司,,,,,,,
1688,スパニッシュ,オムレツ,,,,,,,,,
1689,なす,ハム,重ね,焼,グラタン,,,,,,
1690,豚肉,野菜,巻き,,,,,,,,
1691,ポテト,クリーム,グラタン,,,,,,,,
1692,いわし,トマト,重ね,,,,,,,,
1693,クリスピー,ロール,カツ,,,,,,,,
1694,野菜,コンビーフ,チーズ,,,,,,,,
1695,なす,豚肉,重ね,,,,,,,,
1696,豚,りんご,レモン,,,,,,,,
1697,サクサク,かぼちゃ,コロッケ,,,,,,,,
1698,クイック,ロースト,ビーフ,,,,,,,,
1699,白身,魚,ソテー,野菜,,,,,,,
1700,ラタトゥイユ,,,,,,,,,,
1701,魚介,蒸し,サラダ,,,,,,,,
1702,えび,香草,グリル,,,,,,,,
1703,チーズ,カツレツ,,,,,,,,,
1704,バーニャカウダ,野菜,,,,,,,,,
1705,こんがり,ミート,ローフ,,,,,,,,
1706,サーモン,ライス,コロッケ,,,,,,,,
1707,豚肉,豆,スープ,蒸し焼き,,,,,,,
1708,なす,ツナ,ボート,グラタン,,,,,,,
1709,牛肉,きのこの,オープン,パイ,,,,,,,
1710,アマトリ,チャーナ,,,,,,,,,
1711,ハム,ときのこの,クリーム,パスタ,,,,,,,
1712,豆腐,バーグ,きのこ,あんかけ,,,,,,,
1713,さけ,紙包み,蒸し,,,,,,,,
1714,鶏,根菜,うま煮,,,,,,,,
1715,豚肉,みそ,漬焼,,,,,,,,
1716,さけ,なめ,あんかけ,,,,,,,,
1717,豚,水菜,煮物,,,,,,,,
1718,なす,揚げ浸し,,,,,,,,,
1719,ふろ,ふき,大根,,,,,,,,
1720,豚,酢,じょうゆ,炒め,,,,,,,
1721,月見,つく,,,,,,,,,
1722,ゴーヤ,チャンプル,,,,,,,,,
1723,ごま,ごま,から揚げ,,,,,,,,
1724,デコ,パン,,,,,,,,,
1725,クリスマス,ツリー,ピザ,,,,,,,,
1726,ケーキ,ポップ,,,,,,,,,
1727,絵かき,クッキー,,,,,,,,,
1728,ニコニコ,お,もの,やき,プリン,,,,,,
1729,牛肉,かぼちゃ,スパイス,,,,,,,,
1730,クイック,シュトーレン,,,,,,,,,
1731,にんじん,リゾット,ごはん,,,,,,,,
1732,セロリ,鶏肉,洋風,煮込み,,,,,,,
1733,えび,入り,ラヴィオリ,,,,,,,,
1734,もち,焼,,,,,,,,,
1735,アボカド,グラタン,,,,,,,,,
1736,れんこん,ハンバーグ,,,,,,,,,
1737,えび,野菜,ペペロンチーノ,,,,,,,,
1738,カルボナーラ,,,,,,,,,,
1739,鶏,青菜,梅,パスタ,,,,,,,
1740,ナポリタン,,,,,,,,,,
1741,えび,トマト,サラダ,パスタ,,,,,,,
1742,クリーム,シチュー,,,,,,,,,
1743,ハヤシ,ライス,ソース,,,,,,,,
1744,鶏,もも,,,,,,,,,
1745,フライド,ポテト,,,,,,,,,
1746,さば,みそ,,,,,,,,,
1747,えび,野菜,マリネ,,,,,,,,
1748,きゅうり,漬け物,,,,,,,,,
1749,鶏,ハム,,,,,,,,,
1750,スチーム,トースト,,,,,,,,,
1751,きのこの,パスタ,,,,,,,,,
1752,ほたて,XO,醤,,,,,,,,
1753,かに,かぶ,中華,,,,,,,,
1754,麻婆,,,,,,,,,,
1755,豚肉,黒酢,蒸し焼き,,,,,,,,
1756,パプリカ,えび,ミンチ,詰め,,,,,,,
1757,えび,マヨネーズ,ソース,,,,,,,,
1758,豚肉,黒,こしょう,,,,,,,,
1759,にら,まんじゅう,,,,,,,,,
1760,彩り,しゅうまい,,,,,,,,,
1761,牛肉,エリンギ,こしょう,ぎょうざ,,,,,,,
1762,ナシゴレン,,,,,,,,,,
1763,インドネシア,串焼き,,,,,,,,,
1764,蒸し焼き,ビビンバ,,,,,,,,,
1765,ベトナム,春巻き,,,,,,,,,
1766,プルコギ,,,,,,,,,,
1767,鶏,辛味,br>,ダッカルビ,,,,,,,
1768,チャプチェ,,,,,,,,,,
1769,魚介,かぼちゃ,クリーム,蒸し,,,,,,,
1770,にんじん,ラペ,ココット,,,,,,,,
1771,きのこ,とろーり,チーズ,,,,,,,,
1772,フレンチ,シナモン,トースト,,,,,,,,
1773,豆,ひき肉,チリ,風味,,,,,,,
1774,うどん,焼,ボナーラ,,,,,,,,
1775,エスニック,蒸し焼きそば,,,,,,,,,
1776,和風,ドライカレー,,,,,,,,,
1777,牛,ロース,みそ,丼,,,,,,,
1778,ゆず,こしょう,そうめん,チャンプル,,,,,,,
1779,シーフード,香草,パン,粉,,,,,,,
1780,ソーセージ,,,,,,,,,,
1781,小松,菜,蒸し物,,,,,,,,
1782,春雨,ピリ辛,,,,,,,,,
1783,白菜,豚肉,重ね煮,,,,,,,,
1784,鶏,西京焼き,,,,,,,,,
1785,ふんわり,お好み焼き,,,,,,,,,
1786,こと,ほたて,わさび,風味,,,,,,,
1787,いか,しょうが,ソース,,,,,,,,
1788,スコーン,ケーキ,,,,,,,,,
1789,なめらか,プリン,,,,,,,,,
1790,フルーツ,もち,ロール,,,,,,,,
1791,じゃがいも,牛肉,レモン,バター,,,,,,,
1792,セサミ,スティック,,,,,,,,,
1793,ポテト,ブレッド,,,,,,,,,
1794,りんご,スナック,ピザ,,,,,,,,
1795,キムチ,アボカド,カツ,,,,,,,,
1796,トマト,オイル,蒸し,,,,,,,,
1797,豚肉,ロール,ステーキ,,,,,,,,
1798,チキン,ナゲット,,,,,,,,,
1799,エッグ,スラット,,,,,,,,,
1800,彩り,チキン,,,,,,,,,
1801,蒸し,だんご,,,,,,,,,
1802,焼,うどん,,,,,,,,,
1803,かんたん,大根,,,,,,,,,
1804,さけ,スパイシー,照り焼き,,,,,,,,
1805,手羽,先,な,南蛮,,,,,,,
1806,ガーリック,シュリンプ,,,,,,,,,
1807,アスパラ,肉,巻き,,,,,,,,
1808,鶏,たらこ,マヨネーズ,,,,,,,,
1809,いか,セロリ,蒸し物,,,,,,,,
1810,さけ,塩,蒸し,,,,,,,,
1811,かんたん,バナナ,スコーン,,,,,,,,
1812,パン,耳,フレンチ,トースト,,,,,,,
1813,黒豆,もちもち,,,,,,,,,
1814,いも,まんじゅう,,,,,,,,,
1815,ライフルーツ,りんご,,,,,,,,,
1816,ドライ,ハーブ,パセリ,,,,,,,,
1817,サンラータン,,,,,,,,,,
1818,手羽,野菜,中華,,,,,,,,
1819,えび,蒸し,ぎょうざ,,,,,,,,
1820,シーフード,変わり,,,,,,,,,
1821,キーマ,カレー,,,,,,,,,
1822,えび,アヒージョ,,,,,,,,,
1823,かぶ,豚,巻,蒸し,,,,,,,
1824,ライフルーツ,キウイ,,,,,,,,,
1825,ライフルーツ,バナナ,,,,,,,,,
1826,ライフルーツ,パイナップル,,,,,,,,,
1827,ライフルーツ,プチ,トマト,,,,,,,,
1828,ドライ,ハーブ,青,じそ,,,,,,,
1829,ドライ,ハーブ,セロリ,葉,,,,,,,
1830,ドライ,ハーブ,オレガノ,,,,,,,,
1831,ドライ,ハーブ,タイム,,,,,,,,
1832,ドライ,ハーブ,ローズマリー,,,,,,,,
1833,おかゆ,米,,,,,,,,,
1834,おかゆ,ごはん,,,,,,,,,
1835,油淋,鶏,ユーリンチー,,,,,,,,
1836,タンドリー,チキン,,,,,,,,,
1837,ミート,ローフ,,,,,,,,,
1838,カントリー,クッキー,,,,,,,,,
1839,アメリカン,スコーン,,,,,,,,,
1840,カップ,チーズ,ケーキ,,,,,,,,
1841,アップル,ケーキ,,,,,,,,,
1842,ガトー,ショコラ,,,,,,,,,
1843,スペアリブ,塩,,,,,,,,,
1844,ポテト,チーズ,おやき,離乳,食,完了,期,１,,,
1845,野菜,うどん,離乳,食,完了,期,1,,,,
1846,まぐろ,照り焼き,離乳,食,完了,期,1,,,,
1847,スティック,野菜,離乳,食,後期,９,１１,ヶ月,,,
1848,豆腐,ひじき,つくね,離乳,食,後期,9,11,か月,,
1849,野菜,パン,離乳,食,後期,9,11,ヶ月,,,
1850,１０,ゆ,離乳,食,初期,5,6,か月,,,
1851,白身,魚,すり,流し,離乳,食,初期,5,6,ヶ月,
1852,にんじん,マッシュ,離乳,食,初期,5,6,か月,,,
1853,かぼちゃ,入り,パン,ゆ,離乳,食,中期,7,8,か月,
1854,オムレツ,離乳,食,中期,7,8,か月,,,,
1855,さつま,いも,茶巾,離乳,食,中期,7,8,か月,,
1856,手羽,先,焼,冷凍,,,,,,,
1857,豚,バラグリル,,,,,,,,,
1858,ラムチョップ,,,,,,,,,,
1859,にんじん,ゼリー,,,,,,,,,
1860,かぼちゃ,スープ,,,,,,,,,
1861,ほうれん,カップ,シフォン,ケーキ,,,,,,,
1862,ステーキ,焼,,,,,,,,,
1863,とうもろこし,ゆで,,,,,,,,,
1864,栗,蒸,,,,,,,,,
1865,切干,大根,揚げ,煮物,,,,,,,
1866,ひじき,煮物,,,,,,,,,
1867,手羽,先,,,,,,,,,
1868,鶏,塩焼き,冷凍,,,,,,,,
1869,さんま,塩焼き,冷凍,,,,,,,,
1870,あさり,ゆず,こしょう,パスタ,,,,,,,
1871,えび,チリ,ソース,,,,,,,,
1872,手作り,ぎょうざ,,,,,,,,,
1873,牛肉,きのこの,クリーム,,,,,,,,
1874,豚肉,マスタード,ソース,,,,,,,,
1875,鶏肉,バスク,,,,,,,,,
1876,キッシュ,オムレツ,,,,,,,,,
1877,さけ,クリーム,,,,,,,,,
1878,プロヴァンス,,,,,,,,,,
1879,かに,玉,,,,,,,,,
1880,酢豚,,,,,,,,,,
1881,回鍋肉,ホイ,コーロウ,,,,,,,,
1882,八宝,,,,,,,,,,
1883,麻婆,豆腐,,,,,,,,,
1884,塩ざけ,減塩,,,,,,,,,
1885,あじ,開き,減塩,,,,,,,,
1886,あじ,開き,冷凍,減塩,,,,,,,
1887,塩ざけ,冷凍,減塩,,,,,,,,
1888,塩,減塩,,,,,,,,,
1889,塩,冷凍,減塩,,,,,,,,
1890,,,,,,,,,,,
1891,塩,,,,,,,,,,
1892,ヨーグルト,,,,,,,,,,
1893,さけ,甘酒,漬,,,,,,,,
1894,さわら,甘酒,漬,,,,,,,,
1895,甘酒,フレンチ,トースト,,,,,,,,
1896,甘酒,パン,,,,,,,,,
1897,甘酒,,,,,,,,,,
1898,たら,野菜,中華,,,,,,,,
1899,牛,ステーキ,トマト,のせ,,,,,,,
1900,豚肉,マスタード,クリーム,,,,,,,,
