整列,レシピID,グループID,タイトル,タイトル,,,,,
1,2,923,なすとミニトマトのピザ風,なす,トマト,ピザ,,,
2,14,922,もちラザニア,もち,ラザニア,,,,
3,28,921,アプリコットパンプティング,アプリコット,パンプティング,,,,
4,29,920,シリアルバー,シリアル,,,,,
5,53,919,ガリバタ鶏<br/>ガーリックバター醤油炒め,鶏,ガーリック,バター,醤油,,
6,54,918,豚バラ大根<br/>すき焼き煮,豚バラ,大根,すき焼き,,,
7,55,917,豚テキ<br/>濃厚和風つけ焼き,豚テキ,濃厚,つけ焼き,,,
8,56,916,塩鶏じゃが<br/>鶏だし　うま塩煮,鶏,じゃが,鶏,だし,,
9,57,915,タンドリー鶏<br/>ジューシーカレー風味,タンドリー鶏,ジューシー,カレー,,,
10,58,914,牛エリンギ<br/>甘から醤油炒め,牛エリンギ,甘から醤油,,,,
11,59,913,牛皿<br/>すき焼き甘だれ,牛皿,すき焼き,甘だれ,,,
12,60,912,【アレンジレシピ】<br/>ガリバタ鶏用 de ピザ,鶏,ピザ,,,,
13,61,911,【アレンジレシピ】<br/>豚バラ大根用 de パスタ,豚バラ,大根,パスタ,,,
14,62,910,【アレンジレシピ】<br/>牛皿用 de からあげ,牛皿,からあげ,,,,
15,63,909,【アレンジレシピ】<br/>タンドリー鶏用 de ドライカレー,タンドリー鶏,カレー,,,,
16,333,905,豆腐ハンバーグ,豆腐,ハンバーグ,,,,
17,373,904,ポークピカタ（冷凍）,ポーク,ピカタ,冷凍,,,
18,374,903,ハムチーズポークピカタ（冷凍）,ハム,チーズ,ポーク,ピカタ,,
19,375,902,梅しそポークピカタ（冷凍）,梅しそ,ポーク,ピカタ,冷凍,,
20,391,900,れんこんの肉詰め（冷凍）,れんこん,肉詰め,冷凍,,,
21,402,896,さけのバター照り焼き（冷凍）,さけ,バター,照り焼き,冷凍,,
22,404,895,ぶりのみそ漬焼き（冷凍）,ぶり,みそ漬焼き,冷凍,,,
23,405,894,ぶりのかす漬焼き（冷凍）,ぶり,かす漬焼き,冷凍,,,
24,412,892,いか姿焼き（冷凍）,いか,冷凍,姿焼き,,,
25,419,890,簡単パエリア（冷凍）,パエリア,冷凍,,,,
26,420,889,チキンライス（冷凍）,チキン,ライス,冷凍,,,
27,437,888,えびの春巻き,えび,春巻き,,,,
28,444,887,小松菜のサッとあえ,小松菜,サッとあえ,,,,
29,466,886,五目ごはん,五目,ごはん,,,,
30,545,884,冷蔵ピザ,冷蔵,ピザ,,,,
31,569,108,ピザトースト,ピザ,トースト,,,,
32,598,882,ポークソテー,ポーク,ソテー,,,,
33,600,111,ささ身のベーコン巻きグリル,ささ身,ベーコン,,,,
34,609,109,ほうれん草とベーコンのフラン,ほうれん草,ベーコン,フラン,,,
35,633,881,豚肉とキャベツのぎょうざ,豚肉,キャベツ,ぎょうざ,,,
36,654,101,ベーコンと野菜のココット,ベーコン,ココット,,,,
37,674,880,厚揚げとしめじの蒸し焼き,厚揚げ,しめじ,蒸し焼き,,,
38,682,879,なしのコンポート,なし,コンポート,,,,
39,740,876,金時豆,金時豆,,,,,
40,746,875,中華風茶わん蒸し,中華,茶わん蒸し,,,,
41,770,82,つくねだんご,つくね,だんご,,,,
42,774,41,ミートローフ,ミート,,,,,
43,789,874,えびと貝柱のコキール,えび,貝柱,コキール,,,
44,923,58,ココアシフォンケーキ,ココア,シフォン,ケーキ,,,
45,943,33,蒸しケーキ,ケーキ,,,,,
46,944,77,抹茶蒸しパン,抹茶,パン,,,,
47,1062,46,さけのハーブ蒸し,さけ,ハーブ,,,,
48,1119,861,キーマカレー,キーマ,カレー,,,,
49,1124,860,ターメリックライス,ターメリック,ライス,,,,
50,1215,858,いもがゆ,いも,,,,,
51,1218,857,あずきがゆ,あずき,,,,,
52,1219,856,さけがゆ,さけ,,,,,
53,1260,855,ジャーマンポテトピザ,ジャーマン,ポテト,ピザ,,,
54,1261,854,照り焼きチキンピザ,照り焼き,チキン,ピザ,,,
55,1262,853,シーフードピザ,シーフード,ピザ,,,,
56,1264,852,チルドピザ,チルド,ピザ,,,,
57,1389,811,さわらの<br/>めんたいマヨネーズ焼き<br/>(凍ったままグリル),さわら,めんたい,マヨネーズ,凍ったまま,,
58,1400,801,ほうれん草の白あえ,ほうれん草,白あえ,,,,
59,1426,800,ささ身とみつばの蒸し物,ささ身,みつば,蒸し物,,,
60,1427,799,豚ともやしの蒸し物,もやし,蒸し物,,,,
61,1429,798,ハヤシライス,ハヤシ,ライス,,,,
62,1430,797,肉じゃが,肉じゃが,,,,,
63,1447,796,めんたいこの解凍,めんたいこ,解凍,,,,
64,1454,883,お菓子(せんべい)の乾燥,菓子,せんべい,乾燥,,,
65,1464,794,小田巻き蒸し,小田巻き,,,,,
66,1467,793,田作り,田作り,,,,,
67,1468,63,ひじきとベーコンの煮物,ひじき,ベーコン,,,,
68,1475,792,抹茶シフォンケーキ,抹茶,シフォン,ケーキ,,,
69,1485,791,アイスボックス<br/>クッキー,アイスボックス,クッキー,,,,
70,1499,790,フランスパン,フランスパン,,,,,
71,1525,770,さけのマヨわさ焼き&きのこと<br/>ごぼうのペペロンチーノ,さけ,マヨわさ焼き,きのこ,ごぼう,,
72,1528,767,いさきのチーズ焼き&<br/>ラタトゥイユ,いさき,チーズ,ラタトゥイユ,,,
73,1531,765,ピーマンのひき肉詰め焼き&<br/>ブラックビーンズソース,ピーマン,ひき肉,ブラックビーンズ,ソース,,
74,1536,760,ミートソースのライスコロッケ&<br/>きのこソース,ミート,ソース,ライス,コロッケ,,
75,1545,155,豚肉のピザ風グリル,豚肉,ピザ,,,,
76,1553,754,ミートライスのカネロニ,ミート,ライス,カネロニ,,,
77,1556,753,ピーマンの肉詰め甘酢あん,ピーマン,肉詰め,甘酢,,,
78,1566,752,四川風串焼き,四川,串焼き,,,,
79,1567,751,グラタントースト　カレー風味,グラタン,トースト,カレー,,,
80,1568,750,えびのピザトースト,えび,ピザ,トースト,,,
81,1569,749,バジルとトマトのトースト,バジル,トマト,トースト,,,
82,1570,748,アンチョビトースト,アンチョビ,トースト,,,,
83,1572,747,サーモンのおから焼き,サーモン,おから焼き,,,,
84,1573,746,焼き野菜と<br/>パルミジャーノのサラダ,パルミジャーノ,サラダ,,,,
85,1574,52,白身魚の地中海風,白身魚,地中海,,,,
86,1577,66,カナッペ風ポテト,カナッペ,ポテト,,,,
87,1580,745,白身魚とオレンジのサラダ,白身魚,オレンジ,サラダ,,,
88,1581,110,キャベツと豚バラの蒸し煮,キャベツ,豚バラ,,,,
89,1582,102,牛肉のキャロット煮,牛肉,キャロット,,,,
90,1584,744,きのことポテトのバター焼き,きのこ,ポテト,バター,,,
91,1587,84,彩り野菜の<br/>ペペロンチーノ風,ペペロンチーノ,,,,,
92,1588,743,鶏とパプリカの煮込み,鶏,パプリカ,,,,
93,1589,742,チキンとえびの<br/>焼きピラフ,チキン,えび,ピラフ,,,
94,1590,741,ラグーソースのパスタ,ラグー,ソース,パスタ,,,
95,1591,740,えび入り<br/>トマトのクリームパスタ,えび,トマト,パスタ,,,
96,1592,153,ボンゴレ・ロッソ,ボンゴレ,ロッソ,,,,
97,1593,862,ブロッコリーソースパスタ,ブロッコリー,ソース,パスタ,,,
98,1596,67,焼きおにぎり手まり風<br/>(さけ/青菜/ねぎみそ),おにぎり,手まり,さけ,青菜,,
99,1600,160,蒸し豚の梅ソースあえ,蒸し豚,ソース,,,,
100,1604,738,えびのにんにく風味焼き,えび,にんにく,味焼き,,,
101,1605,737,マーボーなす,マーボー,なす,,,,
102,1607,162,バンバンジー,バンバンジー,,,,,
103,1608,736,豆腐とえびの蒸し物,豆腐,えび,蒸し物,,,
104,1609,163,鶏肉のXO醤風味蒸し,鶏肉,XO醤,味蒸し,,,
105,1611,735,しゅうまい,しゅうまい,,,,,
106,1612,734,豆腐のかに肉あんかけ,豆腐,かに肉,あんかけ,,,
107,1618,103,あつあつポテトサラダ,ポテト,サラダ,,,,
108,1620,733,野菜カレー煮,カレー,,,,,
109,1625,148,うなたま丼,うなたま,,,,,
110,1626,104,豚とにらの塩焼きそば,にら,焼きそば,,,,
111,1629,732,カレーそうめんチャンプル,カレー,そうめん,チャンプル,,,
112,1631,114,厚揚げのささ身納豆添え,厚揚げ,ささ身,納豆,,,
113,1632,731,味わい万能ラー油,味わい,万能,ラー油,,,
114,1633,107,じゃことししとう煮,じゃこ,ししとう,,,,
115,1634,23,きのこのバターポン酢あえ,きのこ,バター,ポン酢,,,
116,1635,730,野菜の南蛮漬け,南蛮漬け,,,,,
117,1638,56,ガトーショコラ　オレンジ風味,ガトーショコラ,オレンジ,,,,
118,1639,729,スイーツ春巻き,スイーツ,春巻き,,,,
119,1640,728,フルーツチョコタルト,フルーツ,チョコタルト,,,,
120,1641,727,ホット果実ワイン,ホット,果実,ワイン,,,
121,1642,726,【札幌】<br/>豚肉のグリーンアスパラ<br/>カツレツ,札幌,豚肉,グリーン,アスパラ,,
122,1643,725,【仙台】<br/>三陸魚介の旨み蒸し,仙台,三陸,旨み蒸し,魚介,,
123,1644,724,【東京・洋食】<br/>根菜シャキシャキハンバーグ,東京,洋食,ハンバーグ,,,
124,1645,723,【東京・洋食】<br/>クックドビーフシチュー,東京,洋食,クックド,ビーフシチュー,,
125,1646,722,【東京・中華】<br/>野菜たっぷりヘルシー油淋鶏,東京,中華,たっぷり,ヘルシー,,
126,1647,721,【東京・中華】<br/>オイスターソース焼きそば,東京,中華,オイスター,ソース,,
127,1648,720,【名古屋】<br/>三河豚パルミジャーノカツレツ,名古屋,三河豚,パルミジャーノ,カツレツ,,
128,1649,719,【大阪】<br/>河内鴨と大阪しろなの<br/>スパイシーグリル,大阪,河内鴨,大阪しろな,,,
129,1650,718,【広島】<br/>黒鯛と車海老の<br/>瀬戸田レモングリル,広島,黒鯛,車海老,瀬戸田,,
130,1651,717,【福岡】<br/>博多明太子入りサーモンバーグ,福岡,博多,明太子,サーモン,,
131,1652,716,サルヴァトーレ クオモの<br/>新鮮魚介の紙包み焼き<br/>カルトッチョ,サルヴァトーレ,新鮮,魚介,紙包み焼き,,
132,1653,715,ピクルスのフルーツサラダ,ピクルス,フルーツ,サラダ,,,
133,1654,714,かぶの牛肉ロールグリル,かぶ,牛肉,,,,
134,1655,713,トマトカップのラタトゥイユ,トマト,ラタトゥイユ,,,,
135,1656,712,さけの豆乳味噌グラタン,さけ,豆乳,味噌,グラタン,,
136,1657,711,たらのパリパリ包み焼き,たら,,,,,
137,1658,710,揚げないチキンウィング,チキン,ウィング,,,,
138,1659,709,きのこたっぷりポークフリカッセ,きのこ,たっぷり,ポーク,フリカッセ,,
139,1660,708,みたらしパンプディング,みたらし,パンプディング,,,,
140,1661,707,ほろほろクッキー,ほろほろ,クッキー,,,,
141,1698,706,丸ごとかぼちゃグラタン,かぼちゃ,グラタン,,,,
142,1699,705,里芋といかのうま煮,里芋,いか,,,,
143,1700,704,チキングリル香草パン粉焼きとれんこんとドライトマトの蒸し煮バルサミコ風味,チキン,香草パン粉焼き,れんこん,トマト,,
144,1701,703,小松菜としらすの焼きおにぎり,小松菜,しらす,おにぎり,,,
145,1702,702,カリフラワーのミルクスープパイ包み焼き,カリフラワー,ミルク,スープ,パイ,,
146,1703,701,春キャベツ焼売,キャベツ,焼売,,,,
147,2082,700,薄焼き卵のほうれん草巻き,薄焼き卵,ほうれん草巻き,,,,
148,2083,699,千草焼き,千草焼き,,,,,
149,2084,698,野菜と豚肉のヘルシー蒸し,豚肉,ヘルシー,,,,
150,2095,697,スパイシー肉じゃが,肉じゃが,,,,,
151,2096,696,豚肉串揚げ,豚肉,串揚げ,,,,
152,2100,695,チンジャオロース,チンジャオロース,,,,,
153,2107,694,モーニングプレート,モーニング,,,,,
154,2108,693,ゆで卵&ブロッコリーの合わせ蒸し,ゆで卵,ブロッコリー,合わせ蒸し,,,
155,2109,692,塩ざけ&野菜オムレツ,ざけ,オムレツ,,,,
156,2110,691,厚揚げのきのこあんかけ,厚揚げ,きのこ,あんかけ,,,
157,2111,690,こんにゃくステーキ,こんにゃく,ステーキ,,,,
158,2112,689,おでん,おでん,,,,,
159,2113,688,梅としらすの混ぜごはん,しらす,ごはん,,,,
160,2114,687,牛肉と枝豆の混ぜごはん,牛肉,枝豆,ごはん,,,
161,2115,686,たいの京風くずあんかけごはん,たい,あんかけ,ごはん,,,
162,2119,685,カニかまチャーハン,カニかま,チャーハン,,,,
163,2122,684,さけのムニエル＆アスパラときのこのソテー,さけ,ムニエル,アスパラ,きのこ,,
164,2125,683,いかとセロリのガーリックいため,いか,セロリ,ガーリック,,,
165,2127,682,あじの南蛮づけ,あじ,南蛮づけ,,,,
166,2128,681,いわしのかば焼き,いわし,かば焼き,,,,
167,2130,680,いわしのゆずこしょう焼き,いわし,ゆずこしょう,,,,
168,2134,679,はんぺんのふんわり磯辺焼き,はんぺん,磯辺焼き,,,,
169,2135,678,えびとレンコンのエスニック仕立て,えび,レンコン,,,,
170,2136,677,リンツァートルテ,リンツァートルテ,,,,,
171,2139,676,オレンジチョコパイ,オレンジ,チョコパイ,,,,
172,2141,675,チョコフォンデュ,チョコ,フォンデュ,,,,
173,2143,674,クレープ,クレープ,,,,,
174,2144,673,ミルクレープ,ミルクレープ,,,,,
175,2147,672,バナナのプチドーナツ,バナナ,ドーナツ,,,,
176,2149,671,焼きプリン,プリン,,,,,
177,2150,670,焼きりんご,りんご,,,,,
178,2151,669,りんごとバナナのフルーツソテー,りんご,バナナ,フルーツ,ソテー,,
179,2152,668,焼きバナナ,バナナ,,,,,
180,2157,667,ポテトのソテーとろりチーズのせ,ポテト,ソテー,チーズ,,,
181,2158,666,ハッシュ・ド・ポテト,ハッシュドポテト,,,,,
182,2159,665,キャベツのスープ煮かりかりベーコン風味,キャベツ,スープ,ベーコン,,,
183,2160,664,じゃがいものホイル素材焼き,じゃがいも,ホイル,素材焼き,,,
184,2161,663,かぼちゃのホイル素材焼き,かぼちゃ,ホイル,素材焼き,,,
185,2162,662,かぼちゃの煮物,かぼちゃ,,,,,
186,2163,661,たけのこのつくね,たけのこ,つくね,,,,
187,2164,660,うまみたっぷり野菜いため,うまみ,たっぷり,,,,
188,2167,658,クロックムッシュ/クロックマダム,クロックムッシュ,クロックマダム,,,,
189,2170,657,バナナホットサンド,バナナ,ホットサンド,,,,
190,2173,656,そば粉のガレット,そば粉,ガレット,,,,
191,2174,655,枝豆とコーンのポテトパンケーキ,枝豆,コーン,ポテト,パン,,
192,2175,654,ちくわとキャベツの和風パスタ,ちくわ,キャベツ,パスタ,,,
193,2178,653,海鮮チヂミ,海鮮,チヂミ,,,,
194,2179,652,チャパティ,チャパティ,,,,,
195,2356,601,揚げないフライドポテト,フライド,ポテト,,,,
196,2358,600,なす田楽,なす田楽,,,,,
197,2359,599,きのこのオイル焼き,きのこ,オイル焼き,,,,
198,2360,598,じゃがいものミニグラタン,じゃがいも,グラタン,,,,
199,2361,597,ほうれん草とベーコンのキッシュ,ほうれん草,ベーコン,キッシュ,,,
200,2362,596,豆腐のミートグラタン,豆腐,ミート,グラタン,,,
201,2363,595,パングラタン,パン,グラタン,,,,
202,2364,594,ミートパイ,ミート,パイ,,,,
203,2365,593,ソーセージパイ,ソーセージパイ,,,,,
204,2366,592,カレー春巻き,カレー,春巻き,,,,
205,2367,591,ミートドリア,ミート,ドリア,,,,
206,2368,590,焼きカレー,カレー,,,,,
207,2370,589,簡単手作りピザ,ピザ,,,,,
208,2371,588,春巻きの皮ピザ,春巻き,ピザ,,,,
209,2372,587,アイスボックスクッキー,アイスボックス,クッキー,,,,
210,2373,586,にんじんケーキ,にんじん,ケーキ,,,,
211,2374,585,バナナケーキ,バナナ,ケーキ,,,,
212,2375,584,ほうれん草ケーキ,ほうれん草,ケーキ,,,,
213,2376,583,リコッタとくるみのケーキ,リコッタ,くるみ,ケーキ,,,
214,2377,582,ベイクドチーズケーキ,ベイクド,チーズ,ケーキ,,,
215,2378,581,りんごのチーズケーキ,りんご,チーズ,ケーキ,,,
216,2379,580,アップルパイ,アップルパイ,,,,,
217,2380,579,フルーツタルト,フルーツ,タルト,,,,
218,2381,578,黄桃のクラフティ,黄桃,,,,,
219,2382,577,チョコとベリーのクラフティ,チョコ,ベリー,,,,
220,2385,576,ケークサレ,ケークサレ,,,,,
221,2386,575,伊達巻き,伊達巻き,,,,,
222,2387,574,卵のココット,卵,ココット,,,,
223,2388,573,茶わん蒸し,茶わん蒸し,,,,,
224,2389,572,鶏胸肉のきのこ詰め皮パリパリ焼き,鶏胸肉,きのこ,,,,
225,2390,571,ハンバーグ,ハンバーグ,,,,,
226,2391,570,ポークソテー,ポーク,ソテー,,,,
227,2392,569,スペアリブ,スペアリブ,,,,,
228,2393,568,鶏の香草焼き,鶏,香草焼き,,,,
229,2394,567,中華風チキングリル,中華,チキン,,,,
230,2395,566,ミートローフ,ミート,,,,,
231,2396,565,ピーマンの肉詰め,ピーマン,肉詰め,,,,
232,2397,564,チキンとじゃがいものグリル焼き,チキン,じゃがいも,,,,
233,2398,563,ベーコンときのこのホイル包み焼き,ベーコン,きのこ,ホイル,,,
234,2399,562,手羽先の塩焼き,手羽先,,,,,
235,2400,561,豚肉と白菜のホイル包み焼き,豚肉,白菜,ホイル,,,
236,2401,560,揚げない唐揚げ,唐揚げ,,,,,
237,2402,559,手作りぎょうざ,ぎょうざ,,,,,
238,2403,558,チルドぎょうざ,チルド,ぎょうざ,,,,
239,2404,557,冷凍ぎょうざ（水あり）,冷凍,ぎょうざ,水あり,,,
240,2405,556,冷凍ぎょうざ（水なし）,冷凍,ぎょうざ,水なし,,,
241,2406,555,タンドリーチキン,タンドリー,チキン,,,,
242,2407,554,厚揚げのねぎみそ焼き,厚揚げ,ねぎみそ,,,,
243,2408,553,パエリア,パエリア,,,,,
244,2409,552,焼きおにぎり,おにぎり,,,,,
245,2410,551,チャーシュー丼,チャーシュー,,,,,
246,2411,550,五平餅,五平餅,,,,,
247,2412,549,たいの塩釜焼き,たい,釜焼き,,,,
248,2413,548,あじの香草焼き,あじ,香草焼き,,,,
249,2414,547,えびのオーブン焼き,えび,オーブン焼き,,,,
250,2415,546,ぶりのつけ焼き,ぶり,つけ焼き,,,,
251,2416,545,帆立貝のグラタン,帆立貝,グラタン,,,,
252,2417,544,さけとしめじのホイル包み焼き,さけ,しめじ,ホイル,,,
253,2418,543,かきのホイル包み焼き,ホイル,,,,,
254,2419,542,いかの姿焼き,いか,姿焼き,,,,
255,2420,541,いちごのタルト,いちご,タルト,,,,
256,2421,540,ブラウニー,ブラウニー,,,,,
257,2423,539,チョコレートバナナケーキ,チョコレート,バナナ,ケーキ,,,
258,2424,538,ホイルケーキ,ホイル,ケーキ,,,,
259,2425,537,スイートポテト,スイート,ポテト,,,,
260,2426,536,ホットケーキ,ホット,ケーキ,,,,
261,2427,535,ラスク,ラスク,,,,,
262,2431,534,アスパラ焼きびたし,アスパラ,焼きびたし,,,,
263,2432,533,アスパラチーズ焼き,アスパラ,チーズ,,,,
264,2433,532,トマトとズッキーニのハーブグリル焼き,トマト,ズッキーニ,ハーブ,,,
265,2434,531,きのこと野菜のグリル焼き,きのこ,,,,,
266,2437,530,フォカッチャ,フォカッチャ,,,,,
267,2438,529,ツナと玉ねぎのブルスケッタ,ツナ,玉ねぎ,ブルスケッタ,,,
268,2439,528,ガーリックトースト,ガーリック,トースト,,,,
269,2440,527,明太トースト,明太,トースト,,,,
270,2441,526,フランスパンピザ,フランスパン,ピザ,,,,
271,2442,525,パイピザ,パイ,ピザ,,,,
272,2443,524,お好み焼き,お好み焼き,,,,,
273,2444,523,明太もちチーズ春巻き,明太,もち,チーズ,春巻き,,
274,2445,522,アンチョビのブルスケッタ,アンチョビ,ブルスケッタ,,,,
275,2446,521,サーモンとカマンベールのブルスケッタ,サーモン,カマンベール,ブルスケッタ,,,
276,2447,520,ローストビーフ,ローストビーフ,,,,,
277,2448,519,蒸し鶏風,蒸し鶏,,,,,
278,2449,518,蒸し鶏風の四川風ピリ辛だれ,蒸し鶏,四川,ピリ辛だれ,,,
279,2450,517,かんたんチャーシュー,チャーシュー,,,,,
280,2451,516,セミドライトマトとあさりのワイン蒸し,トマト,あさり,ワイン蒸し,,,
281,2452,515,セミドライトマトのオイル漬け,トマト,オイル漬け,,,,
282,2453,514,枝豆のホイル包み焼き,枝豆,ホイル,,,,
283,2454,513,揚げないポテトチップス,ポテト,チップス,,,,
284,2455,512,アマンドショコラ,アマンドショコラ,,,,,
285,2456,511,カスタードプリン,カスタード,プリン,,,,
286,2457,510,かぼちゃプリン,かぼちゃ,プリン,,,,
287,2458,509,セミドライフルーツ,フルーツ,,,,,
288,2459,508,プチパンケーキサンド,プチパン,ケーキ,サンド,,,
289,2460,507,グラノーラ,グラノーラ,,,,,
290,2461,506,ショートケーキ,ショート,ケーキ,,,,
291,2469,499,鶏のバター焼き＆<br/>ごぼう蒸し煮,鶏,バター,ごぼう,,,
292,2472,496,アスパラ肉巻き＆<br/>きゅうりの煮込み,アスパラ,肉巻き,きゅうり,,,
293,2483,489,豚のピリ辛焼き＆<br/>甘辛野菜ソース,ピリ辛焼き,甘辛,ソース,,,
294,2486,487,中華焼きおにぎり＆<br/>ピリ辛スープ,中華,おにぎり,ピリ辛,スープ,,
295,2493,482,豚肉のから揚げ＆<br/>ポテトのスープ煮,豚肉,から揚げ,ポテト,スープ,,
296,2498,478,焼きもち＆かちん粥,もち,かちん粥,,,,
297,2558,444,さばのみそ煮焼き,さば,みそ,,,,
298,2560,39,白身魚のホイル焼き,白身魚,ホイル,,,,
299,2667,60,白菜のあえ物,白菜,,,,,
300,2675,91,根菜和風サラダ,サラダ,,,,,
301,2686,32,中華おこわ,中華,おこわ,,,,
302,2687,356,五穀ごはん,五穀,ごはん,,,,
303,2689,54,トマトがゆ,トマト,,,,,
304,2756,313,バターを溶かす,バター,,,,,
305,2759,310,ホットワイン,ホットワイン,,,,,
306,2760,309,ゼラチンを溶かす,ゼラチン,,,,,
307,2812,277,白身魚ときのこの<br/>包み蒸し,白身魚,きのこ,包み蒸し,,,
308,2825,268,鶏肉のはちみつソースがけ,鶏肉,はちみつ,ソース,,,
309,2827,27,焼きえびワンタン,焼きえび,ワンタン,,,,
310,2835,261,マカオ風<br/>カレーグラタン,マカオ,カレー,グラタン,,,
311,2855,254,ポテトとチーズの<br/>お焼き,ポテト,チーズ,お焼き,,,
312,2867,79,りんごのチェー,りんご,チェー,,,,
313,2927,125,肉団子,肉団子,,,,,
314,2929,777,焼き豚,焼き豚,,,,,
315,2930,127,チキンボール,チキン,ボール,,,,
316,2932,128,ジャーマンポテト,ジャーマン,ポテト,,,,
317,2933,129,イカのマリネ,イカ,マリネ,,,,
318,2934,130,ジャーマンポテトオムレツ,ジャーマン,ポテト,オムレツ,,,
319,2936,131,ジャーマンポテトのグラタン,ジャーマン,ポテト,グラタン,,,
320,2937,133,肉団子とねぎ・しいたけのスープ,肉団子,ねぎ,しいたけ,スープ,,
321,2938,134,肉団子の甘酢あんかけ,肉団子,甘酢,あんかけ,,,
322,2939,135,焼き豚サラダ,焼き豚,サラダ,,,,
323,2940,136,焼き豚丼温玉のせ,焼き豚,温玉のせ,,,,
324,2942,137,チキンボール甘酢あんかけ,チキン,ボール,甘酢,あんかけ,,
325,2943,138,チキンボールの炒り煮,チキン,ボール,,,,
326,2944,139,イカと大根のささっとサラダ,イカ,大根,サラダ,,,
327,2945,140,イカとわけぎ酢味噌あえ,イカ,わけぎ酢,味噌,,,
328,3004,1002,食パン,食パン,,,,,
329,3005,1021,ふんわりパン・ド・ミ,,,,,,
330,3006,991,パン・ド・ミ：Ｗチョコパン,パンドミ,パン,Ｗチョコパン,,,
331,3007,1004,パン・ド・ミ,パンドミ,パン,,,,
332,3008,1016,もちもちパン・ド・ミ,もちもち,パンドミ,パン,,,
333,3009,988,ソフト食パン,ソフト,食パン,パン,,,
334,3010,1009,早焼き食パン,早焼き,食パン,パン,,,
335,3011,1023,６０分パン,60分パン,,,,,
336,3012,993,ごはんパン,ごはん,パン,,,,
337,3013,1006,ごはんフランスパン,ごはん,フランスパン,,,,
338,3014,1025,フランスパン,フランスパン,,,,,
339,3015,995,ライ麦パン,ライ麦パン,,,,,
340,3016,1013,全粒粉パン,全粒粉パン,,,,,
341,3017,1024,ブリオッシュ,ブリオッシュ,,,,,
342,3018,999,マーブルパン,マーブルパン,,,,,
343,3019,928,黄金とんから,とんから,,,,,
344,3020,927,ジューシー鶏ももから揚げ,ジューシー,鶏もも,から揚げ,,,
345,3021,926,きのこの炊き込みごはん,きのこ,炊き込み,ごはん,,,
346,3022,925,プチッと塩焼きそば,焼きそば,,,,,
347,3023,924,中華風チャーハン,中華,チャーハン,,,,
348,3025,1019,メロンパン,メロンパン,,,,,
349,3026,990,白パン風食パン,白パン,食パン,,,,
350,3027,1003,ハーフ食パン,ハーフ,食パン,,,,
351,3028,1015,小麦入り米粉パン,小麦,米粉パン,,,,
352,3031,1027,ジャーマンポテト風もちもちパン・ド・ミ,ジャーマン,ポテト,もちもち,パンドミ,,
353,3032,989,クリームチーズ・ブルーベリーもちもちパン・ド・ミ,チーズ,ブルーベリー,もちもち,パンドミ,,
354,3033,1008,きな粉・甘納豆　ふんわりパン・ド・ミ,きな粉,甘納豆,パンドミ,パン,,
355,3034,1022,桜緑茶　ふんわりパン・ド・ミ,桜緑茶,パンドミ,パン,,,
356,3035,998,デニッシュ風食パン,デニッシュ,パン,食パン,,,
357,3036,1011,米粉・黒糖６０分パン,米粉,黒糖,60分パン,パン,,
358,3037,1026,紅茶オレンジ６０分パン,紅茶,60分パン,オレンジ,パン,,
359,3038,996,赤飯パン,赤飯,パン,,,,
360,3039,1012,雑穀カンパーニュ風ごはんフランスパン,雑穀,カンパーニュ,ごはん,フランスパン,,
361,3040,985,パプリカ＆トマトごはんフランスパン,パプリカ,トマト,ごはん,フランスパン,,
362,3041,1001,全粒粉ベーコン＆チーズ＆オリーブ,全粒粉,チーズ,オリーブ,ベーコン,,
363,3042,1014,黒豆＆栗入り抹茶ブリオッシュ,黒豆,抹茶,ブリオッシュ,,,
364,3043,986,パネトーネ風,パネトーネ,,,,,
365,3044,1005,抹茶マーブルパン,抹茶,マーブルパン,,,,
366,3045,1017,黒ごまマーブルパン,黒ごま,マーブルパン,,,,
367,3046,987,シナモンロール,シナモン,ロール,,,,
368,3047,1000,あんパン,あんパン,,,,,
369,3048,1020,抹茶黒豆ロール,抹茶,黒豆ロール,,,,
370,3049,992,お楽しみちぎりパン,お楽しみ,ちぎりパン,,,,
371,3050,1010,クロワッサン,クロワッサン,,,,,
372,3051,1018,バターロール,バター,,,,,
373,3052,994,ヨーグルトパン,ヨーグルト,パン,,,,
374,3053,1007,ベーグル,ベーグル,,,,,
375,3054,1028,ピザ,ピザ,,,,,
376,3055,997,フォカッチャ,フォカッチャ,,,,,
377,3056,984,Sweetオムレツサンド,Sweet,オムレツ,サンド,,,
378,3057,983,カリカリチキンのウォールナッツサンド,カリカリ,チキン,ウォールナッツ,サンド,,
379,3058,982,プレート風ミニミニハンバーグサンド,ミニミニ,ハンバーグ,サンド,,,
380,3059,981,ヘルシー！がんもサンドイッチ,ヘルシー,がんも,サンドイッチ,,,
381,3060,980,ティラミス風サンドイッチ,ティラミス,サンドイッチ,,,,
382,3061,979,チーズカツごちそうサンド,チーズ,カツ,サンド,,,
383,3062,978,しらすとトマトのオムレツサンド,しらす,トマト,オムレツ,サンド,,
384,3063,977,"胡麻パンのオープンサンド「ひらけ～ごま」 <br/>「Sesame,ouvre-toi!」",胡麻,パン,サンド,"Sesame,ouvre-toi!",,
385,3064,976,スモークサーモンのオープンサンド-2種,サーモン,サンド,,,,
386,3065,975,フルーツたっぷりバニラサンド,フルーツ,たっぷり,バニラサンド,,,
387,3066,1029,色々な成形パンアレンジ</br>（生地の一例）,生地,一例,成形パン,,,
388,3067,1030,色々な食パンアレンジ</br>（レシピの一例）,食パン,一例,,,,
389,3068,1031,オニオングラタンスープ,オニオン,グラタン,スープ,,,
390,3069,1032,平目と帆立貝のシャンパーニュ蒸し,平目,帆立貝,シャンパーニュ蒸し,,,
391,3070,1033,牛フィレ肉フォワ・グラ詰めパイ包み焼き</br>プリンスアルベール,牛フィレ肉,パイ包み焼き,プリンスアルベール,フォワグラ,,
392,3071,1034,クロネコのチョコバナナサンド,クロネコ,チョコ,バナナ,サンド,,
393,3072,1035,ねずみのバターロールたまごサンド,ねずみ,バター,サンド,,,
394,3073,1036,かめの小豆とみかんの和風サンド,小豆,みかん,サンド,,,
395,3074,1037,簡単オープンサンドイッチ：うさぎ,サンドイッチ,うさぎ,,,,
396,3080,501,鶏の照り焼き＆<br/>ポテトサラダ,鶏,照り焼き,ポテト,サラダ,,
397,3085,494,塩さば＆<br/>なすのピリ辛あえ,さば,なす,ピリ辛,,,
398,3086,70,さけのマヨ焼き＆<br/>ペペロンチーノ風,さけ,マヨ焼き,ペペロンチーノ,,,
399,3088,492,ぶりステーキ＆<br/>青菜のミルク煮,ぶり,青菜,ミルク,ステーキ,,
400,3091,89,ハンバーグ＆<br/>きのこソース,ハンバーグ,きのこ,ソース,,,
401,3092,490,メンチカツ＆<br/>野菜デミグラスソース,メンチカツ,デミグラス,ソース,,,
402,3099,86,さけチャーハン＆<br/>わかめスープ,さけ,わかめ,スープ,チャーハン,,
403,3104,480,焼きもち＆<br/>みそ雑煮,もち,みそ,雑煮,,,
404,3106,477,焼きもち＆<br/>お汁粉,もち,おしるこ,,,,
405,3108,475,魚のパン粉焼き＆<br/>ペンネ,パン粉焼き,ペンネ,,,,
406,3112,473,豚の蒸し焼き＆</br>五目おこわ,蒸し焼き,五目,おこわ,,,
407,3128,466,野菜のうま煮,,,,,,
408,3129,12,冷凍和風ミックス<br/>野菜の煮物,冷凍,ミックス,,,,
409,3136,100,ヘルシーぎょうざ,ヘルシー,ぎょうざ,,,,
410,3147,451,たいの中華蒸し,たい,中華,,,,
411,3151,449,バジル風味のスペアリブ,バジル,スペアリブ,,,,
412,3156,448,肉だんごの<br/>野菜あんかけ,だんご,あんかけ,,,,
413,3158,447,さわらの漬焼きサラダ,さわら,漬焼き,サラダ,,,
414,3163,443,バーニャカウダ風<br/>ソース,バーニャカウダ,ソース,,,,
415,3164,442,なすとオリーブの<br/>ペースト,なす,オリーブ,ペースト,,,
416,3166,441,コーンとハムのドリア,コーン,ハム,ドリア,,,
417,3168,440,ラザーニア,ラザーニア,,,,,
418,3184,431,白ねぎのピリ辛巻き,白ねぎ,ピリ辛巻き,,,,
419,3185,430,長いもの梅しそ巻き,長いも,梅しそ巻き,,,,
420,3200,422,ぶりのカレー焼き,ぶり,カレー,,,,
421,3222,400,白ねぎのピリ辛巻き（冷凍）,白ねぎ,ピリ辛巻き,冷凍,,,
422,3223,399,長いもの梅しそ巻き（冷凍）,長いも,梅しそ巻き,冷凍,,,
423,3238,384,ぶりのカレー焼き（冷凍）,ぶり,カレー,冷凍,,,
424,3253,373,いわしのロールフライ,いわし,,,,,
425,3268,93,えのきの梅肉あえ,えのき,梅肉,,,,
426,3272,74,オニオングラタンスープ,オニオン,グラタン,スープ,,,
427,3275,360,きのこサラダ,きのこ,サラダ,,,,
428,3281,358,パエリア風ライス,パエリア,ライス,,,,
429,3310,338,パンプキンパイ,パンプキンパイ,,,,,
430,3315,336,コーヒープディング,コーヒープディング,,,,,
431,3455,224,オクラとなすの<br/>焼きペンネ,オクラ,なす,焼きペンネ,,,
432,3483,1061,パスタをゆでる,パスタ,,,,,
433,3613,1087,黄金和風ぶりの照り焼き,ぶり,照り焼き,,,,
434,3614,1088,黄金和風ガパオライス,ガパオ,ライス,,,,
435,3615,1089,スコップコロッケ,スコップコロッケ,,,,,
436,3616,1090,ラムの香草パン粉焼き,ラム,香草パン粉焼き,,,,
437,3617,1091,釜玉風うどん,釜玉,うどん,,,,
438,3618,1081,黄金肉巻むすび,肉巻むすび,,,,,
439,3619,1082,黄金チャプチェ,チャプチェ,,,,,
440,3620,1083,ビビンバ,ビビンバ,,,,,
441,3621,1084,BIGハンバーグ,BIG,ハンバーグ,,,,
442,3622,1085,茶碗蒸し,茶碗蒸し,,,,,
443,3623,1086,プチッとしゅうまい,しゅうまい,,,,,
444,3624,1092,プチプチごまチーズのせから揚げ,プチプチ,チーズ,から揚げ,ごま,,
445,3625,1093,かぼちゃライスプレート,かぼちゃ,ライス,,,,
446,3626,1094,明太マヨから揚げ串,明太,マヨ,から揚げ,,,
447,3627,1095,エビ寄せフライのおばけ　アボカドディップ添え,エビ寄せフライ,おばけ,アボカド,ディップ,,
448,3628,1096,オニオン柚子胡椒から揚げ,オニオン,柚子胡椒,から揚げ,,,
449,3629,1097,ギョーザ丼　にんにくスタミナだれ,ギョーザ,にんにく,スタミナ,,,
450,3630,505,蒸しブロッコリー<br/>(蒸し野菜、蒸しえびなど),えび,ブロッコリー,,,,
451,3631,28,１０分しゅうまい,10分,しゅうまい,,,,
452,3632,504,洋風お好み焼き,お好み焼き,,,,,
453,3644,491,魚のチーズ焼き＆<br/>ラタトゥイユ,チーズ,ラタトゥイユ,,,,
454,3648,85,ピーマン肉詰め＆<br/>野菜ソース,ピーマン,ソース,肉詰め,,,
455,3651,486,ライスコロッケ＆<br/>きのこソース,ライス,コロッケ,きのこ,ソース,,
456,3653,72,高菜チャーハン＆<br/>かぶのスープ,高菜,かぶ,スープ,チャーハン,,
457,3656,483,鶏のから揚げ＆<br/>なすの辛味煮込み,鶏,から揚げ,なす,辛味,,
458,3657,481,スパイシー揚げ＆<br/>さといも中華あえ,さといも,中華,,,,
459,3693,459,ひき肉の蒸し物,ひき肉,蒸し物,,,,
460,3700,452,一尾魚のトウチ蒸し,一尾魚,トウチ蒸し,,,,
461,3705,24,スペアリブ,スペアリブ,,,,,
462,3810,372,かきフライ,かきフライ,,,,,
463,3812,371,ミルフィーユとんかつ,ミルフィーユ,とんかつ,,,,
464,3814,120,中華炒め煮,中華,,,,,
465,3828,361,かぼちゃのサラダ,かぼちゃ,サラダ,,,,
466,3895,315,うなぎのかば焼きをパリッと,うなぎ,かば焼き,パリッ,,,
467,3898,311,干ししいたけを戻す,干し,しいたけ,,,,
468,3902,305,あさりの酒蒸し,あさり,酒蒸し,,,,
469,4014,220,冷凍ぎょうざ,冷凍,ぎょうざ,,,,
470,4058,651,づけまぐろとアボカドの<br/>どんぶり,づけまぐろ,アボカド,どんぶり,,,
471,4059,650,鯛の京風葛あんかけごはん,鯛,あんかけ,ごはん,,,
472,4060,649,手巻きずし,手巻きずし,,,,,
473,4061,648,いなりずし,いなりずし,,,,,
474,4062,647,五目ごはん,五目,ごはん,,,,
475,4063,646,まつたけごはん,まつたけ,ごはん,,,,
476,4064,645,栗おこわ,おこわ,,,,,
477,4065,644,山菜おこわ,山菜,おこわ,,,,
478,4066,643,赤飯,赤飯,,,,,
479,4067,642,三色おはぎ,おはぎ,,,,,
480,4068,641,生ゆば入り　かに雑炊,かに,ゆば,雑炊,,,
481,4069,640,茶がゆ,,,,,,
482,4070,639,大豆とひじきの混ぜごはん,大豆,ひじき,ごはん,,,
483,4071,638,玄米小豆がゆ,玄米小豆,,,,,
484,4072,637,玄米入り魚介と野菜の<br/>トマトスープ,玄米,魚介,トマト,スープ,,
485,4073,636,ライスバーガー,ライス,バーガー,,,,
486,4074,635,雑穀米サラダ,雑穀米,サラダ,,,,
487,4075,634,甘えびの麦とろ丼,甘えび,麦とろ,,,,
488,4076,633,梅としらすの混ぜごはん,しらす,ごはん,,,,
489,4077,632,牛肉と枝豆の混ぜごはん,牛肉,枝豆,ごはん,,,
490,4078,631,うなぎときゅうりの混ぜごはん,うなぎ,きゅうり,ごはん,,,
491,4079,630,肉みそ焼きおにぎり,肉みそ焼き,おにぎり,,,,
492,4080,629,鶏飯　＜奄美＞,鶏飯,奄美,,,,
493,4081,628,冷汁　＜宮崎＞,冷汁,宮崎,,,,
494,4082,627,ゆず香る牡蠣めし　＜三陸＞,ゆず,三陸,牡蠣,,,
495,4083,626,洋風いかめし　＜北国＞,いかめし,北国,,,,
496,4084,625,深川めし　＜江戸＞,深川,江戸,,,,
497,4085,624,北の大地恵みごはん,大地恵み,ごはん,,,,
498,4086,623,欧風チキンライス,チキン,ライス,,,,
499,4087,622,クファージューシー　＜沖縄＞,クファージューシー,沖縄,,,,
500,4088,621,【札幌】<br/>北のパエリアラベンダー風味,札幌,パエリア,ラベンダー,,,
501,4089,620,【仙台】<br/>森林鶏としいたけの<br/>炊込みごはん,仙台,森林鶏,しいたけ,炊込み,,
502,4090,619,【東京・洋食】<br/>炊込みシーフードピラフ,東京,洋食,炊込み,シーフード,,
503,4092,617,【東京・中華】<br/>やわらか蒸し鶏<br/>ごはんアジアンソース,東京,中華,やわらか,蒸し鶏,ソース,
504,4093,616,【東京・中華】<br/>焼き豚の炊込みチャーハン,東京,中華,焼き豚,炊込み,,
505,4094,615,【名古屋】<br/>蟹飯団子,名古屋,蟹飯,団子,,,
506,4095,614,【大阪】<br/>河内鴨と碓井えんどうのピラフ,大阪,河内鴨,碓井えんどう,ピラフ,,
507,4096,613,【広島】<br/>アサリと穴子の瀬戸内パエリア,広島,アサリ,穴子,パエリア,,
508,4097,612,【福岡】<br/>みつせ鶏と海鮮のパエリア,福岡,みつせ鶏,海鮮,パエリア,,
509,4098,611,サルヴァトーレ クオモの<br/>４種のキノコのリゾット,サルヴァトーレ,4種,キノコ,リゾット,,
510,4099,610,３種のクリスマスカップ寿司,3種,クリスマス,寿司,,,
511,4100,609,さっぱりみぞれたいめし,みぞれ,たいめし,,,,
512,4101,608,さくらえびと銀杏のおこわ,さくらえび,銀杏,おこわ,,,
513,4102,607,チキンのクリームピラフ,チキン,ピラフ,,,,
514,4103,606,イカスミのシーフードパエリア,イカスミ,シーフード,パエリア,,,
515,4104,605,モチモチいかめし,モチモチ,いかめし,,,,
516,4105,604,玄米のハーブライスサラダ,玄米,ハーブ,ライス,サラダ,,
517,4106,603,玄米のまるごとたまねぎドリア,玄米,まるごと,ドリア,たまねぎ,,
518,4107,602,かにと青のりの中華粥,かに,青のり,中華,粥,,
519,4130,1113,ひじきを戻す,ひじき,,,,,
520,4131,1114,切干大根を戻す,切干,大根,,,,
521,4140,219,タンドリーチキン,タンドリー,チキン,,,,
522,4141,218,かにと生クリームのふんわりテリーヌ,かに,生クリーム,テリーヌ,,,
523,4142,217,茹でナスのジュレあんかけ,ジュレ,あんかけ,ナス,,,
524,4143,216,数の子と彩り野菜のコンソメジュレ,数の子,ジュレ,コンソメ,,,
525,4144,215,ホタテとサーモンとキウイのテリーヌ,ホタテ,サーモン,キウイ,テリーヌ,,
526,4145,214,ローストビーフ,ローストビーフ,,,,,
527,4146,213,マグロのカルパッチョ,マグロ,カルパッチョ,,,,
528,4147,212,シーフードマリネ,シーフード,マリネ,,,,
529,4148,211,ミニトマトのハニーレモンシャーベット,トマト,ハニー,レモン,シャーベット,,
530,4149,210,えびと枝豆のバゲットファルシ,えび,枝豆,バゲット,ファルシ,,
531,4150,209,カツオたたきのカルパッチョ,カツオ,たたき,カルパッチョ,,,
532,4151,208,シャリシャリトマトとアンチョビの冷製パスタ,トマト,アンチョビ,冷製,パスタ,,
533,4152,207,数の子と枝豆の白だしジュレ,数の子,枝豆,白だし,ジュレ,,
534,4153,206,冷しゃぶサラダ,冷しゃぶ,サラダ,,,,
535,4154,205,冷んやりベリーソースのペッパーステーキ,冷んやり,ベリー,ソース,ペッパー,,
536,4155,204,鯛の和風カルパッチョ,鯛,カルパッチョ,,,,
537,4156,203,マグロの漬け丼,マグロ,,,,,
538,4157,202,ブリの粕漬け,ブリ,粕漬け,,,,
539,4158,201,さんまの南蛮漬け,さんま,南蛮漬け,,,,
540,4159,200,鯛とサーモンの押し寿司,鯛,サーモン,押し,寿司,,
541,4160,199,そばめし,そばめし,,,,,
542,4161,198,たらこと玉ねぎの甘酢がけ,たらこ,玉ねぎ,甘酢,,,
543,4162,197,えのきだけの味噌漬け,えのきだけ,味噌,,,,
544,4163,196,塩麹鶏のチーズロール,鶏,麹,チーズ,,,
545,4164,195,ベリーソースのフライドカマンベール,ベリー,ソース,フライド,カマンベール,,
546,4165,194,キャベツの即席漬け,キャベツ,即席漬け,,,,
547,4166,193,ナスとナッツのピリ辛和え,ナス,ナッツ,ピリ辛,,,
548,4167,192,季節野菜のピクルス,季節,ピクルス,,,,
549,4168,191,鶏の艶照り焼き,鶏,照り焼き,,,,
550,4169,190,天ぷら盛り合わせ,天ぷら,盛り合わせ,,,,
551,4170,189,豚の角煮,角煮,,,,,
552,4171,188,いわしのみりん干し,いわし,みりん干し,,,,
553,4172,187,鯛茶漬け,鯛,茶漬け,,,,
554,4173,186,揚げナスの南蛮漬け,ナス,南蛮漬け,,,,
555,4174,185,鯛のしゃぶしゃぶ,鯛,しゃぶしゃぶ,,,,
556,4175,184,鶏ハムのバゲット,鶏ハム,バゲット,,,,
557,4176,183,豚ロースの味噌漬け,豚ロース,味噌,,,,
558,4177,182,キウイの黒糖シャーベット,キウイ,黒糖,シャーベット,,,
559,4178,181,黒蜜の豆乳プリン,黒蜜,豆乳,プリン,,,
560,4179,180,梅酒ゼリー,梅酒,ゼリー,,,,
561,4180,179,シャリシャリフルーツヨーグルト,フルーツ,ヨーグルト,,,,
562,4181,178,フルーツシャーベット,フルーツ,シャーベット,,,,
563,4182,177,生チョコ,チョコ,,,,,
564,4183,176,スパイスクッキー,クッキー,,,,,
565,4184,175,フルーツポンチ,フルーツ,ポンチ,,,,
566,4185,174,冷んやりバナナとパリパリチョコのトースト,冷んやり,バナナ,チョコ,トースト,,
567,4186,173,黒糖の水羊羹,黒糖,水羊羹,,,,
568,4187,172,ミルクチョコレートゼリー,ミルク,チョコレート,ゼリー,,,
569,4188,171,ホワイトチョコとクリームチーズのトリュフ,ホワイトチョコ,チーズ,トリュフ,,,
570,4189,170,うずまきクッキー,うずまき,クッキー,,,,
571,4190,169,シトラスアイスティー,シトラス,アイスティー,,,,
572,4191,168,サングリア,サングリア,,,,,
573,4441,503,かんたん焼きとり,焼きとり,,,,,
574,4447,493,あじのカレー風味<br/>＆雪鍋,あじ,カレー,雪鍋,,,
575,4477,165,さつまいもと<br/>鶏肉のうま煮,さつまいも,鶏肉,,,,
576,4485,461,イタリアンぎょうざ,イタリアン,ぎょうざ,,,,
577,4488,458,チキンロール,チキン,,,,,
578,4489,457,チキンロール<br/>（めんたいこ）,チキン,めんたいこ,,,,
579,4528,95,豚ヒレ肉のきのこ添え,豚ヒレ肉,きのこ,,,,
580,4563,395,豚ヒレ肉のきのこ添え<br/>（冷凍）,豚ヒレ肉,きのこ,冷凍,,,
581,4593,369,野菜炒め,,,,,,
582,4603,55,具だくさんスープ,スープ,,,,,
583,4605,75,キャベツの<br/>さっぱりサラダ,キャベツ,サラダ,,,,
584,4622,59,ショコラオレンジケーキ,ショコラ,オレンジ,ケーキ,,,
585,4681,301,牛肉ロールのグリル,牛肉,,,,,
586,4694,293,ハーブチキン<br/>スペアリブ,ハーブ,チキン,スペアリブ,,,
587,4742,257,豚ときのこの<br/>オイスター炒め丼,きのこ,オイスター,,,,
588,4763,116,豚の角煮,角煮,,,,,
589,4806,1058,うぐいすもち,うぐいす,もち,,,,
590,4884,1155,とろけるパン・ド・ミ,パンドミ,パン,,,,
591,4885,1156,クイックスイート食パン,クイックスイート,食パン,,,,
592,4886,1157,くるみ・レーズン入りライ麦パン,くるみ,レーズン,ライ麦パン,,,
593,4887,1158,マロン＆ナッツ全粒粉パン,マロン,ナッツ,全粒粉パン,,,
594,4888,1159,天然酵母食パン,天然酵母,食パン,,,,
595,4889,1160,紅茶の茶葉グルテンフリーケーキ,紅茶,茶葉,ケーキ,グルテンフリー,,
596,4890,1161,ミルクジャム,ミルクジャム,,,,,
597,4891,1162,りんごのコンポート,りんご,コンポート,,,,
598,4892,1163,カイザーゼンメル,カイザーゼンメル,,,,,
599,4893,1164,プルーンとくるみのパン,プルーン,くるみ,パン,,,
600,4896,1165,にんじんジュースパン,にんじん,ジュース,パン,,,
601,4902,1166,クレームダンジュ風,クレームダンジュ,,,,,
602,4904,1167,塩パン,パン,,,,,
603,4905,1168,塩昆布ごはんパン,昆布,ごはん,パン,,,
604,4906,1169,ガーリックライスパン,ガーリック,ライス,パン,,,
605,4907,1170,ケーク・サレ風　クイックブレッド,ケーク,サレ,クイックブレッド,,,
606,4908,1171,ドイツ風ソーセージロール,ドイツ,ソーセージロール,,,,
607,4909,1172,オニオンツナチーズ,オニオン,チーズ,ツナ,,,
608,4910,1173,じゃがバタチーズパン,じゃが,チーズ,パン,バター,,
609,4911,1174,ピタパン,ピタパン,,,,,
610,4912,1175,バゲット風,バゲット,,,,,
611,4913,1176,ハードロール （ガーリック風味）,ハードロール,ガーリック,,,,
612,4914,1177,ベーコンエピ,ベーコンエピ,,,,,
613,4915,1178,レトロバゲット,レトロバゲット,,,,,
614,4916,1179,カルツォーネ,カルツォーネ,,,,,
615,4917,1180,もち,もち,,,,,
616,4918,1181,うどん,うどん,,,,,
617,4919,1196,パスタ,パスタ,,,,,
618,4920,1182,クリスピーピザ,クリスピー,ピザ,,,,
619,4921,1183,米粉パン（小麦なし）,米粉,パン,小麦なし,,,
620,4922,1195,グルテンフリーケーキ,グルテンフリー,ケーキ,,,,
621,4923,1185,ジャコわかめ米粉パン,ジャコ,わかめ,米粉,パン,,
622,4924,1184,バナナ グルテンフリーケーキ,バナナ,グルテンフリー,ケーキ,,,
623,4925,1186,チョコケーキ,チョコ,ケーキ,,,,
624,4926,1187,グラノーラ,グラノーラ,,,,,
625,4927,1188,ムース・オ・ショコラ,ムース,ムースオショコラ,,,,
626,4928,1189,りんごジャム,りんごジャム,,,,,
627,4929,1190,生チョコ,チョコ,,,,,
628,4930,1191,あん,,,,,,
629,4931,1192,ナン,ナン,,,,,
630,4932,1193,あんまん,あんまん,,,,,
631,4933,1194,あんまん生地,あんまん,生地,,,,
632,4954,1197,自家製 冷凍卵焼き,冷凍,卵焼き,,,,
633,4955,1198,れんこん味噌バーグ,れんこん,味噌,バーグ,,,
634,4956,1199,塩唐揚げ,唐揚げ,,,,,
635,4958,1200,自家製冷凍 明太子パスタ,冷凍,明太子,パスタ,,,
636,4959,1201,自家製冷凍 明太子ワンボウルパスタ,冷凍,明太子,パスタ,ワンボウル,,
637,4960,1202,味付けたまご,味付け,たまご,,,,
638,4961,1203,豚汁,,,,,,
639,4962,1204,スペルト小麦のバゲット,スペルト,小麦,バゲット,,,
640,4963,1205,スペルト・ノア・レザン,スペルト,レザン,,,,
641,4971,1206,鶏ハム,鶏,ハム,,,,
642,4972,1207,ごちそうコロッケ,コロッケ,,,,,
643,4974,1208,レアチーズケーキ・フレッシュいちごソース,レア,チーズ,ケーキ,フレッシュ,,
644,4975,1209,バーニャカウダソース,バーニャカウダ,ソース,,,,
645,4976,1210,ゴロゴロ野菜のポークビーンズ,ゴロゴロ,ポーク,ビーンズ,,,
646,5435,502,鶏の照り焼き＆<br/>かぼちゃの煮物,鶏,照り焼き,かぼちゃ,,,
647,5436,500,しいたけ肉詰め＆<br/>和風カレースープ,しいたけ,肉詰め,カレー,スープ,,
648,5437,498,つくねだんご＆<br/>野菜スープ,つくね,だんご,スープ,,,
649,5438,497,さけと厚あげ焼き<br/>＆野菜あん,さけ,厚あげ,,,,
650,5439,495,塩さば＆五色きんぴら,さば,五色,きんぴら,,,
651,5440,71,肉だんご＆甘酢あん,だんご,甘酢,,,,
652,5441,97,おからハンバーグ<br/>＆野菜ソース,おから,ハンバーグ,ソース,,,
653,5442,488,焼きおにぎり＆豚汁,おにぎり,豚汁,,,,
654,5443,485,焼き豚チャーハン<br/>＆もやしスープ,焼き豚,チャーハン,もやし,スープ,,
655,5444,484,鶏のから揚げ＆<br/>八宝菜風煮物,鶏,から揚げ,八宝菜,,,
656,5445,88,鶏のから揚げ＆<br/>白菜とあげの煮物,鶏,から揚げ,白菜,,,
657,5446,479,焼きもち＆<br/>すまし雑煮,もち,すまし,雑煮,,,
658,5447,476,焼きもち＆<br/>ぜんざい,もち,ぜんざい,,,,
659,5448,474,鶏のマヨ焼き＆<br/>あさりのボンゴレ,鶏,マヨ焼き,あさり,ボンゴレ,,
660,5449,150,野菜のチーズ焼き<br/>＆マカロニ,チーズ,マカロニ,,,,
661,5450,87,たいの塩焼き＆<br/>赤飯,たい,赤飯,,,,
662,5451,472,ちゃんちゃん焼き<br/>＆山菜おこわ,ちゃんちゃん焼き,山菜,おこわ,,,
663,5452,471,青菜の煮物,青菜,,,,,
664,5453,68,野菜バター煮,バター,,,,,
665,5454,8,かぼちゃの煮物,かぼちゃ,,,,,
666,5455,83,きんぴら,きんぴら,,,,,
667,5456,90,野菜のカレー煮,カレー,,,,,
668,5457,40,じゃがいもと<br/>ベーコンの煮物,じゃがいも,ベーコン,,,,
669,5458,64,大根とツナの煮物,大根,ツナ,,,,
670,5459,470,れんこんの煮物,れんこん,,,,,
671,5460,469,ビーフカレー,ビーフ,カレー,,,,
672,5461,468,いわしのしょうが煮,いわし,しょうが,,,,
673,5462,14,かれいの煮付け,かれい,,,,,
674,5463,73,五目豆,五目豆,,,,,
675,5464,467,黒豆,黒豆,,,,,
676,5465,465,茶わん蒸し,茶わん蒸し,,,,,
677,5466,464,温泉卵,温泉卵,,,,,
678,5467,463,ゆで卵,ゆで卵,,,,,
679,5468,36,チルドぎょうざ,チルド,ぎょうざ,,,,
680,5469,460,小籠包<br/>（ショウロンポウ）,小籠包,ショウロンポウ,,,,
681,5470,456,肉まん（手作り）,肉まん,,,,,
682,5471,455,手作りしゅうまい,しゅうまい,,,,,
683,5472,454,豆腐しゅうまい,豆腐,しゅうまい,,,,
684,5473,453,一尾魚の蒸し物,一尾魚,蒸し物,,,,
685,5474,147,アクアパッツア,アクアパッツア,,,,,
686,5475,450,さけとあさりの<br/>ハーブ蒸し,さけ,あさり,ハーブ蒸し,,,
687,5476,126,焼き豚,焼き豚,,,,,
688,5477,37,鶏の塩焼き,鶏,,,,,
689,5478,29,焼きとり,焼きとり,,,,,
690,5479,43,ローストチキン,ロースト,チキン,,,,
691,5480,42,ローストビーフ,ローストビーフ,,,,,
692,5481,15,さんまの塩焼き,さんま,,,,,
693,5482,446,ほっけの開き,ほっけ,開き,,,,
694,5483,445,たいの姿焼き,たい,姿焼き,,,,
695,5484,31,さけとしめじの<br/>ホイル焼き,さけ,しめじ,ホイル,,,
696,5485,166,焼きなす,焼きなす,,,,,
697,5486,11,マカロニグラタン,マカロニ,グラタン,,,,
698,5487,62,じゃがいものグラタン,じゃがいも,グラタン,,,,
699,5488,439,ホワイトソース,ホワイト,ソース,,,,
700,5489,3,ハンバーグ,ハンバーグ,,,,,
701,5490,438,おから入りハンバーグ,おから,ハンバーグ,,,,
702,5491,30,野菜ハンバーグ,ハンバーグ,,,,,
703,5492,164,小松菜入り<br/>鶏ハンバーグ,小松菜,鶏,ハンバーグ,,,
704,5493,437,鶏の照り焼き,鶏,照り焼き,,,,
705,5494,436,鶏の黒酢照り焼き,鶏,黒酢,照り焼き,,,
706,5495,117,鶏のレモン風味照り焼き,鶏,レモン,照り焼き,,,
707,5496,435,鶏のゆずこしょう焼き,鶏,ゆずこしょう焼き,,,,
708,5497,142,手羽元の香味焼き,手羽元,香味焼き,,,,
709,5498,434,手羽元の甘辛焼き,手羽元,甘辛焼き,,,,
710,5499,38,手羽元のカレー焼き,手羽元,カレー,,,,
711,5500,81,肉巻き野菜,肉巻き,,,,,
712,5501,433,もちめんたい巻き,もち,めんたい,,,,
713,5502,432,ウィンナー野菜巻き,ウィンナー,,,,,
714,5503,98,しいたけの肉詰め,しいたけ,肉詰め,,,,
715,5504,429,ピーマンの肉詰め,ピーマン,肉詰め,,,,
716,5505,118,手羽元の彩り野菜添え,手羽元,,,,,
717,5506,112,あじの開き,あじ,開き,,,,
718,5507,2,塩さば,さば,,,,,
719,5508,428,さばのこしょう焼き,さば,こしょう焼き,,,,
720,5509,427,さばの酢じょうゆ焼き,さば,酢じょうゆ焼き,,,,
721,5510,426,さばの梅風味焼き,さば,味焼き,,,,
722,5511,21,塩ざけ,ざけ,,,,,
723,5512,425,さけの香草焼き,さけ,香草焼き,,,,
724,5513,96,さけの照り焼き,さけ,照り焼き,,,,
725,5514,424,さけのチーズソテー,さけ,チーズ,ソテー,,,
726,5515,423,ぶりの照り焼き,ぶり,照り焼き,,,,
727,5516,421,さわらの漬焼き,さわら,漬焼き,,,,
728,5517,420,さわらの中華焼き,さわら,中華,,,,
729,5518,419,さわらのごま酢焼き,さわら,ごま酢焼き,,,,
730,5519,418,さわらのめんたいマヨ焼き,さわら,めんたいマヨ,,,,
731,5520,417,焼き野菜,焼き,野菜,,,,
732,5521,416,和風焼き野菜,和風,焼き,野菜,,,
733,5522,415,マリネ風焼き野菜,マリネ,焼き　,野菜,,,
734,5523,414,ハンバーグ（冷凍）,ハンバーグ,冷凍,,,,
735,5524,413,おから入りハンバーグ<br/>（冷凍）,おから,ハンバーグ,冷凍,,,
736,5525,412,野菜ハンバーグ（冷凍）,ハンバーグ,冷凍,,,,
737,5526,411,小松菜入り<br/>鶏ハンバーグ（冷凍）,小松菜,鶏,ハンバーグ,冷凍,,
738,5527,410,鶏の照り焼き（冷凍）,鶏,照り焼き,冷凍,,,
739,5528,409,鶏の黒酢照り焼き（冷凍）,鶏,黒酢,照り焼き,冷凍,,
740,5529,408,鶏のレモン風味<br/>照り焼き（冷凍）,鶏,レモン,照り焼き,冷凍,,
741,5530,407,鶏のゆずこしょう焼き<br/>（冷凍）,鶏,ゆずこしょう焼き,冷凍,,,
742,5531,406,手羽元の香味焼き（冷凍）,手羽元,香味焼き,冷凍,,,
743,5532,405,手羽元の甘辛焼き（冷凍）,手羽元,甘辛焼き,冷凍,,,
744,5533,404,手羽元のカレー焼き（冷凍）,手羽元,カレー,冷凍,,,
745,5534,403,肉巻き野菜（冷凍）,肉巻き,冷凍,,,,
746,5535,402,もちめんたい巻き（冷凍）,もち,めんたい巻き,冷凍,,,
747,5536,401,ウィンナー<br/>野菜巻き（冷凍）,ウィンナー,冷凍,,,,
748,5537,398,しいたけの肉詰め（冷凍）,しいたけ,肉詰め,冷凍,,,
749,5538,397,ピーマンの肉詰め（冷凍）,ピーマン,肉詰め,冷凍,,,
750,5539,396,手羽元の彩り野菜添え<br/>（冷凍）,手羽元,冷凍,,,,
751,5540,394,あじの開き（冷凍）,あじ,開き,冷凍,,,
752,5541,393,塩さば（冷凍）,さば,冷凍,,,,
753,5542,392,さばのこしょう焼き<br/>（冷凍）,さば,こしょう焼き,冷凍,,,
754,5543,391,さばの酢じょうゆ焼き<br/>（冷凍）,さば,酢じょうゆ焼き,冷凍,,,
755,5544,390,さばの梅風味焼き（冷凍）,さば,味焼き,冷凍,,,
756,5545,389,塩ざけ（冷凍）,ざけ,冷凍,,,,
757,5546,388,さけの香草焼き（冷凍）,さけ,香草焼き,冷凍,,,
758,5547,387,さけの照り焼き（冷凍）,さけ,照り焼き,冷凍,,,
759,5548,386,さけのチーズソテー（冷凍）,さけ,チーズ,ソテー,冷凍,,
760,5549,385,ぶりの照り焼き（冷凍）,ぶり,照り焼き,冷凍,,,
761,5550,383,さわらの漬焼き（冷凍）,さわら,漬焼き,冷凍,,,
762,5551,382,さわらの中華焼き（冷凍）,さわら,中華,冷凍,,,
763,5552,381,さわらのごま酢焼き（冷凍）,さわら,ごま酢焼き,冷凍,,,
764,5553,380,さわらのめんたいマヨ焼き（冷凍）,さわら,めんたいマヨ焼き,冷凍,,,
765,5554,25,焼き野菜（冷凍）,冷凍,焼き,野菜,,,
766,5555,379,和風焼き野菜（冷凍）,冷凍,和風,焼き,野菜,,
767,5556,378,マリネ風焼き野菜（冷凍）,マリネ,冷凍,,,,
768,5557,119,豚キムチの春巻き,豚キムチ,春巻き,,,,
769,5558,99,鶏とらっきょうの<br/>春巻き,鶏,らっきょう,春巻き,,,
770,5559,4,鶏のから揚げ,鶏,から揚げ,,,,
771,5560,376,鶏のかんたんから揚げ,鶏,から揚げ,,,,
772,5561,375,鶏のごま風味から揚げ,鶏,ごま,から揚げ,,,
773,5562,374,いわしのフライ,いわし,フライ,,,,
774,5563,61,えびフライ,えびフライ,,,,,
775,5564,13,とんかつ,とんかつ,,,,,
776,5565,370,串かつ,串かつ,,,,,
777,5566,368,豚キムチの春巻き（冷凍）,キムチ,春巻き,冷凍,,,
778,5567,367,牛肉の春巻き（冷凍）,牛肉,春巻き,冷凍,,,
779,5568,366,鶏とらっきょうの<br/>春巻き（冷凍）,鶏,らっきょう,春巻き,冷凍,,
780,5569,365,鶏のから揚げ（冷凍）,鶏,から揚げ,冷凍,,,
781,5570,364,鶏のかんたんから揚げ（冷凍）,鶏,から揚げ,冷凍,,,
782,5571,363,鶏のごま風味から揚げ<br/>（冷凍）,鶏,ごま,から揚げ,冷凍,,
783,5572,243,スナックピザ,スナック,ピザ,,,,
784,5573,242,かんたんフォカッチャ,フォカッチャ,,,,,
785,5574,141,肉じゃが,肉じゃが,,,,,
786,5575,241,さんまのコンフィ,さんま,コンフィ,,,,
787,5576,240,クマさん<br/>ハンバーグ,クマさん,ハンバーグ,,,,
788,5577,233,鶏肉のコンフィ,鶏肉,コンフィ,,,,
789,5578,232,鶏肉のコンフィの<br/>ソテー,鶏肉,コンフィ,ソテー,,,
790,5579,223,さんまのコンフィ<br/>カラフルパスタ,さんま,コンフィ,カラフル,パスタ,,
791,5580,222,豚肉のコンフィ,豚肉,コンフィ,,,,
792,5581,221,豚肉のコンフィの<br/>サンドウィッチ,豚肉,コンフィ,サンドウィッチ,,,
793,5582,377,牛肉の春巻き,牛肉,春巻き,,,,
794,5583,362,枝豆,枝豆,,,,,
795,5584,121,なすのピリ辛あえ,なす,ピリ辛,,,,
796,5585,113,さやいんげんの<br/>ごまみそあえ,さやいんげん,ごまみそ,,,,
797,5586,6,手作り焼きおにぎり,おにぎり,,,,,
798,5587,106,チーズ入り<br/>焼きおにぎり,チーズ,おにぎり,,,,
799,5588,154,なめたけの<br/>焼きおにぎり,なめたけ,おにぎり,,,,
800,5589,359,モッチーズ,チーズ,,,,,
801,5590,44,チキンライス,チキン,ライス,,,,
802,5591,357,白ごはん,ごはん,,,,,
803,5592,76,赤飯,赤飯,,,,,
804,5593,16,ソース焼きそば,ソース,焼きそば,,,,
805,5594,354,手作り焼きおにぎり（冷凍）,おにぎり,冷凍,,,,
806,5595,353,チーズ入り<br/>焼きおにぎり（冷凍）,チーズ,おにぎり,冷凍,,,
807,5596,352,なめたけの<br/>焼きおにぎり（冷凍）,なめたけ,おにぎり,冷凍,,,
808,5597,351,モッチーズ（冷凍）,チーズ,冷凍,,,,
809,5598,350,チョコレートケーキ,チョコレート,ケーキ,,,,
810,5599,49,いちごのショートケーキ,いちご,ショート,ケーキ,,,
811,5600,48,フルーツケーキ,フルーツ,ケーキ,,,,
812,5601,349,チーズケーキ,チーズ,ケーキ,,,,
813,5602,94,シフォンケーキ,シフォン,ケーキ,,,,
814,5603,348,ロールケーキ,ケーキ,,,,,
815,5604,347,抹茶ロールケーキ,抹茶,ケーキ,,,,
816,5605,57,ココアロールケーキ,ココア,ケーキ,,,,
817,5606,346,マドレーヌ,マドレーヌ,,,,,
818,5607,345,カステラ,カステラ,,,,,
819,5608,344,抹茶カステラ,抹茶,カステラ,,,,
820,5609,343,ゆずカステラ,ゆず,カステラ,,,,
821,5610,342,シュークリーム,シュークリーム,,,,,
822,5611,341,レンジで作るシュー,シュー,,,,,
823,5612,340,エクレア,エクレア,,,,,
824,5613,35,スイートポテト,スイート,ポテト,,,,
825,5614,339,クッキー,クッキー,,,,,
826,5615,20,アメリカンクッキー,アメリカン,クッキー,,,,
827,5616,34,アップルパイ,アップルパイ,,,,,
828,5617,105,カスタードプディング,カスタード,プディング,,,,
829,5618,7,焼きいも,焼きいも,,,,,
830,5619,337,ふかしいも,ふかしいも,,,,,
831,5620,5,蒸しプリン,プリン,,,,,
832,5621,335,わらびもち,わらび,もち,,,,
833,5622,65,いちご大福,いちご,大福,,,,
834,5623,334,いちごジャム,いちご,ジャム,,,,
835,5624,22,りんごの甘煮,りんご,,,,,
836,5625,333,カスタードクリーム,カスタード,,,,,
837,5626,50,手作りピザ<br/>（ソフト生地）,ピザ,ソフト生地,,,,
838,5627,332,トマトソース,トマト,ソース,,,,
839,5628,331,クリスピーピザ,クリスピー,ピザ,,,,
840,5629,330,マスタードピザ,マスタード,ピザ,,,,
841,5630,329,フランスパン<br/>（バゲット）,フランスパン,バゲット,,,,
842,5631,328,ごまごまフランスパン,ごまごま,フランスパン,,,,
843,5632,327,くるみのブール,くるみ,ブール,,,,
844,5633,326,チーズプチパン,チーズ,プチパン,,,,
845,5634,325,山形食パン,山形,食パン,,,,
846,5635,324,紅茶の食パン,紅茶,食パン,,,,
847,5636,323,クランベリーの食パン,クランベリー,食パン,,,,
848,5637,322,バターロール,バター,,,,,
849,5638,321,カレーチーズパン,カレー,チーズ,パン,,,
850,5639,1,トースト,トースト,,,,,
851,5640,320,フランスパン<br/>（ブール）,フランスパン,ブール,,,,
852,5641,319,フランスパン<br/>（プチパン）,フランスパン,プチパン,,,,
853,5642,318,冷凍トースト,冷凍,トースト,,,,
854,5643,317,豆腐を水切りする,豆腐,水切り,,,,
855,5644,316,にんにくの臭みを抜く,にんにく,臭み,,,,
856,5645,314,アイスクリームを<br/>柔らかく,アイスクリーム,柔らかく,,,,
857,5646,312,チョコレートを溶かす,チョコレート,,,,,
858,5647,308,50℃のお湯に沸かす,50℃,沸かす,,,,
859,5648,307,めんつゆを作る,めんつゆ,,,,,
860,5649,306,鶏の酒蒸し,鶏,酒蒸し,,,,
861,5650,304,キャベツと<br/>きのこのサラダ,キャベツ,きのこ,サラダ,,,
862,5651,26,かぼちゃのマヨあえ,かぼちゃ,マヨ,,,,
863,5652,10,ポテトサラダ,ポテト,サラダ,,,,
864,5653,51,漁師の具だくさんスープ,漁師,スープ,,,,
865,5654,303,えびと蒸し野菜の<br/>サルサソース,えび,サルサ,ソース,,,
866,5655,302,えびだんごと長いもの煮物,えび,だんご,長いも,,,
867,5656,300,あじと枝豆の焼き寿司,あじ,枝豆,寿司,,,
868,5657,17,スパニッシュ・オムレツ,スパニッシュ,オムレツ,,,,
869,5658,299,なすとハムの<br/>重ね焼きグラタン,なす,ハム,重ね焼き,グラタン,,
870,5659,298,豚肉の野菜巻き,豚肉,,,,,
871,5660,53,たらとポテトの<br/>クリームグラタン,たら,ポテト,グラタン,,,
872,5661,297,いわしとトマトの重ね焼き,いわし,トマト,重ね焼き,,,
873,5662,159,クリスピーロールカツ,クリスピー,,,,,
874,5663,296,野菜とコンビーフの<br/>チーズ煮,コンビーフ,チーズ,,,,
875,5664,295,なすと豚肉の重ね焼き,なす,豚肉,重ね焼き,,,
876,5665,158,豚とりんごのレモン焼き,りんご,レモン,,,,
877,5666,47,サクサク<br/>かぼちゃコロッケ,かぼちゃコロッケ,,,,,
878,5667,294,クイック・<br/>ローストビーフ,クイック,ローストビーフ,,,,
879,5668,292,白身魚のソテー<br/>野菜添え,白身魚,ソテー,,,,
880,5669,143,ラタトゥイユ,ラタトゥイユ,,,,,
881,5670,149,魚介の蒸しサラダ,魚介,サラダ,,,,
882,5671,69,えびの香草グリル,えび,香草,,,,
883,5672,9,チーズカツレツ,チーズ,カツレツ,,,,
884,5673,291,バーニャカウダ風<br/>焼き野菜,バーニャカウダ,,,,,
885,5674,290,こんがりミートローフ,こんがり,ミート,,,,
886,5675,289,サーモン・<br/>ライスコロッケ,サーモン,ライス,コロッケ,,,
887,5676,288,豚肉と豆の<br/>スープ蒸し焼き,豚肉,スープ,蒸し焼き,,,
888,5677,287,なすのツナ入り<br/>ボートグラタン,なす,ツナ,ボート,グラタン,,
889,5678,286,牛肉ときのこの<br/>オープンパイ,牛肉,きのこ,オープンパイ,,,
890,5679,18,アマトリチャーナ,アマトリチャーナ,,,,,
891,5680,285,ハムときのこの<br/>クリームパスタ,ハム,きのこ,パスタ,,,
892,5681,284,豆腐バーグ<br/>きのこあんかけ,豆腐,バーグ,きのこ,あんかけ,,
893,5682,146,さけの紙包み蒸し<br/>ちゃんちゃん風,さけ,紙包み蒸し,ちゃんちゃん,,,
894,5683,283,鶏と根菜のうま煮,鶏,,,,,
895,5684,282,豚肉のみそ漬焼き,豚肉,みそ漬焼き,,,,
896,5685,281,さけの<br/>なめたけあんかけ,さけ,なめたけ,あんかけ,,,
897,5686,280,豚と水菜の煮物,水菜,,,,,
898,5687,279,なすの揚げ浸し,なす,揚げ浸し,,,,
899,5688,278,ふろふき大根,ふろふき,大根,,,,
900,5689,276,豚の酢じょうゆ炒め,酢じょうゆ,,,,,
901,5690,275,お月見つくね,月見,つくね,,,,
902,5691,167,ゴーヤチャンプル,ゴーヤ,チャンプル,,,,
903,5692,45,ごまごまから揚げ,ごまごま,から揚げ,,,,
904,5693,244,デコ蒸しパン,デコ,蒸しパン,,,,
905,5694,239,クリスマスツリーピザ,クリスマスツリー,ピザ,,,,
906,5695,238,ケーキポップ,ケーキ,ポップ,,,,
907,5696,237,お絵かきクッキー,お絵かき,クッキー,,,,
908,5697,236,ニコニコおいもの<br/>やきプリン,ニコニコ,いも,プリン,,,
909,5698,235,牛肉とかぼちゃの<br/>スパイス煮,牛肉,かぼちゃ,,,,
910,5699,234,クイック・シュトーレン,クイック,シュトーレン,,,,
911,5700,231,にんじんの<br/>リゾット風ごはん,にんじん,リゾット,ごはん,,,
912,5701,230,セロリと鶏肉の<br/>洋風煮込み,セロリ,鶏肉,,,,
913,5702,229,えび入りラヴィオリ,えび,ラヴィオリ,,,,
914,5703,1062,もちを焼く,もち,,,,,
915,5704,1063,アボカドグラタン,アボカド,グラタン,,,,
916,5705,1064,れんこんハンバーグ,れんこん,ハンバーグ,,,,
917,5706,1100,えびと野菜の<br/>ペペロンチーノ,えび,ペペロンチーノ,,,,
918,5707,1103,カルボナーラ,カルボナーラ,,,,,
919,5708,1104,鶏と青菜の梅パスタ,鶏,青菜,パスタ,,,
920,5709,1106,ナポリタン,ナポリタン,,,,,
921,5710,1107,えびとトマトの<br/>サラダパスタ,えび,トマト,サラダ,パスタ,,
922,5711,1109,クリームシチュー,シチュー,,,,,
923,5712,1110,ハヤシライスソース,ハヤシ,ライス,ソース,,,
924,5713,1111,鶏のもも焼き,鶏,もも焼き,,,,
925,5714,1112,フライドポテト,フライド,ポテト,,,,
926,5715,1115,さばのかんたんみそ煮,さば,みそ,,,,
927,5716,1116,えびと野菜のマリネ,えび,マリネ,,,,
928,5717,1117,きゅうりの漬け物,きゅうり,漬け物,,,,
929,5718,1098,鶏ハム,鶏,ハム,,,,
930,5719,1118,スチームトースト,スチーム,トースト,,,,
931,5720,1108,きのこの<br/>白みそパスタ,きのこ,白みそ,パスタ,,,
932,5721,273,ほたてのXO醤炒め,ほたて,XO醤,,,,
933,5722,272,かにとかぶの中華煮,かに,かぶ,中華,,,
934,5723,271,麻婆なす,麻婆,なす,,,,
935,5724,270,豚肉の黒酢蒸し焼き,豚肉,黒酢,蒸し焼き,,,
936,5725,269,パプリカのえびミンチ詰め,パプリカ,えび,ミンチ,,,
937,5726,144,えびのマヨネーズソース,えび,マヨネーズ,ソース,,,
938,5727,80,豚肉の黒こしょう焼き,豚肉,黒こしょう焼き,,,,
939,5728,267,にらまんじゅう,にら,まんじゅう,,,,
940,5729,266,彩りしゅうまい,しゅうまい,,,,,
941,5730,265,牛肉とエリンギの<br/>こしょうぎょうざ,牛肉,エリンギ,こしょう,ぎょうざ,,
942,5731,151,ナシゴレン,ナシゴレン,,,,,
943,5732,145,インドネシア風串焼き,インドネシア,串焼き,,,,
944,5733,264,蒸し焼きビビンバ,蒸し焼き,ビビンバ,,,,
945,5734,263,ベトナム風焼き春巻き,ベトナム,春巻き,,,,
946,5735,262,プルコギ,プルコギ,,,,,
947,5736,260,鶏の辛味炒め</br>(ダッカルビ),鶏,辛味,ダッカルビ,,,
948,5737,156,チャプチェ,チャプチェ,,,,,
949,5738,259,魚介とかぼちゃの<br/>クリーム蒸し,魚介,かぼちゃ,クリーム蒸し,,,
950,5739,78,にんじんラペのココット,にんじん,ココット,ラペ,,,
951,5740,258,きのこのとろーりチーズ蒸し,きのこ,チーズ,,,,
952,5741,19,フレンチシナモントースト,フレンチ,シナモン,トースト,,,
953,5742,161,豆とひき肉のチリ風味丼,ひき肉,チリ,,,,
954,5743,256,うどんの焼きボナーラ,うどん,焼きボナーラ,,,,
955,5744,122,エスニック蒸し焼きそば,エスニック蒸し,焼きそば,,,,
956,5745,157,和風ドライカレー,カレー,,,,,
957,5746,123,牛ロースのみそ炒め丼,牛ロース,みそ,,,,
958,5747,124,ゆずこしょう<br/>そうめんチャンプル,ゆずこしょう,そうめん,チャンプル,,,
959,5748,255,シーフードの香草パン粉焼き,シーフード,香草,パン粉焼き,,,
960,5749,253,ソーセージ,ソーセージ,,,,,
961,5750,252,たいと小松菜の蒸し物,たい,小松菜,蒸し物,,,
962,5751,251,春雨のピリ辛蒸し,春雨,ピリ辛蒸し,,,,
963,5752,250,白菜と豚肉の重ね煮,白菜,豚肉,,,,
964,5753,249,鶏の西京焼き,鶏,西京焼き,,,,
965,5754,248,ふんわりお好み焼き,お好み焼き,,,,,
966,5755,92,きのことほたての<br/>わさび風味,きのこ,ほたて,わさび,,,
967,5756,247,なすといかの<br/>しょうがソース,なす,いか,しょうが,ソース,,
968,5757,246,スコーン・ケーキ,スコーン,ケーキ,,,,
969,5758,245,なめらかプリン,なめらか,プリン,,,,
970,5759,152,フルーツのおもちロール,フルーツ,もち,,,,
971,5760,228,じゃがいもと<br/>牛肉のレモンバター煮,じゃがいも,牛肉,レモン,バター,,
972,5761,227,セサミ・スティック,セサミ,スティック,,,,
973,5762,226,ポテトブレッド,ポテト,ブレッド,,,,
974,5763,225,りんごのスナックピザ,りんご,スナック,ピザ,,,
975,5764,1038,キムチとアボカドのカツ,キムチ,アボカド,カツ,,,
976,5765,1039,トマトのオイル蒸し,トマト,オイル蒸し,,,,
977,5766,1040,豚肉のロールステーキ,豚肉,ステーキ,,,,
978,5767,1041,チキンナゲット,チキン,ナゲット,,,,
979,5768,1042,エッグスラット,エッグスラット,,,,,
980,5769,1043,彩りチキン,チキン,,,,,
981,5770,1044,蒸しいかだんご,蒸しいか,だんご,,,,
982,5771,1045,さけ焼きうどん,さけ,焼きうどん,,,,
983,5772,1046,かんたん大根もち,大根,もち,,,,
984,5773,1047,さけのスパイシー照り焼き,さけ,照り焼き,,,,
985,5774,1048,手羽先となすの南蛮漬け,手羽先,なす,南蛮漬け,,,
986,5775,1049,ガーリックシュリンプ,ガーリック,シュリンプ,,,,
987,5776,1050,アスパラの肉巻き,アスパラ,肉巻き,,,,
988,5777,1051,鶏のたらこマヨネーズ焼き,鶏,たらこ,マヨネーズ,,,
989,5778,1052,いかとセロリの蒸し物,いか,セロリ,蒸し物,,,
990,5779,1053,さけの塩こうじ蒸し,さけ,こうじ,,,,
991,5780,1054,かんたんバナナスコーン,バナナ,スコーン,,,,
992,5781,1055,パン耳フレンチトースト,パン耳,フレンチ,トースト,,,
993,5782,1056,黒豆もちもち,黒豆,もち,もち,,,
994,5783,1057,いもまんじゅう,いも,まんじゅう,,,,
995,5784,1059,ドライフルーツ（りんご）,フルーツ,りんご,,,,
996,5785,1060,ドライハーブ（パセリ）,ハーブ,パセリ,,,,
997,5786,1065,サンラータン,サンラータン,,,,,
998,5787,1066,手羽と野菜の中華煮,手羽,中華,,,,
999,5788,1067,えび蒸しぎょうざ,えび蒸し,ぎょうざ,,,,
1000,5789,1068,シーフードの変わり揚げ,シーフード,変わり揚げ,,,,
1001,5790,1080,キーマカレー,キーマ,カレー,,,,
1002,5791,1069,えびのアヒージョ,えび,アヒージョ,,,,
1003,5792,1070,かぶの豚巻き蒸し,かぶ,豚巻き蒸し,,,,
1004,5793,1071,ドライフルーツ（キウイ）,フルーツ,キウイ,,,,
1005,5794,1072,ドライフルーツ（バナナ）,フルーツ,バナナ,,,,
1006,5795,1073,ドライフルーツ（パイナップル）,フルーツ,パイナップル,,,,
1007,5796,1074,ドライフルーツ（プチトマト）,フルーツ,トマト,,,,
1008,5797,1075,ドライハーブ（青じそ）,ハーブ,青じそ,,,,
1009,5798,1076,ドライハーブ（セロリの葉）,ハーブ,セロリ,,,,
1010,5799,1077,ドライハーブ（オレガノ）,ハーブ,オレガノ,,,,
1011,5800,1078,ドライハーブ（タイム）,ハーブ,タイム,,,,
1012,5801,1079,ドライハーブ（ローズマリー）,ハーブ,ローズマリー,,,,
1013,5802,355,おかゆ（米から）,おかゆ,米,,,,
1014,5803,1119,おかゆ（ごはんから）,おかゆ,ごはん,,,,
1015,5804,1120,油淋鶏（ユーリンチー）,油淋鶏,ユーリンチー,,,,
1016,5805,1121,タンドリーチキン,タンドリー,チキン,,,,
1017,5806,1154,ミートローフ,ミート,,,,,
1018,5807,1122,カントリークッキー,カントリー,クッキー,,,,
1019,5808,1123,アメリカンスコーン,アメリカン,スコーン,,,,
1020,5809,1124,カップチーズケーキ,チーズ,ケーキ,,,,
1021,5810,1125,アップルケーキ,アップル,ケーキ,,,,
1022,5811,1126,ガトーショコラ,ガトーショコラ,,,,,
1023,5812,1127,スペアリブ（塩）,スペアリブ,,,,,
1024,5813,1128,ポテトチーズおやき（離乳食：完了期１歳～）,ポテト,チーズ,おやき,離乳食,,
1025,5814,1129,野菜うどん（離乳食：完了期1歳～）,うどん,離乳食,1歳～,,,
1026,5815,1130,まぐろの照り焼き風（離乳食：完了期1歳～）,まぐろ,照り焼き,離乳食,1歳～,,
1027,5816,1131,スティック野菜（離乳食：後期９～１１ヶ月）,スティック,離乳食,,,,
1028,5817,1132,豆腐とひじきのつくね（離乳食：後期9～11か月）,豆腐,ひじき,つくね,離乳食,,
1029,5818,1133,野菜蒸しパン（離乳食：後期9～11ヶ月）,蒸しパン,離乳食,,,,
1030,5819,1134,１０倍がゆ（離乳食：初期5～6か月）,10倍,離乳食,,,,
1031,5820,1135,白身魚のすり流し（離乳食：初期5～6ヶ月）,白身魚,すり流し,離乳食,5～6ヶ月,,
1032,5821,1136,にんじんマッシュ（離乳食：初期5～6か月）,にんじん,離乳食,マッシュ,,,
1033,5822,1137,かぼちゃ入りパンがゆ（離乳食：中期7～8か月）,かぼちゃ,パン,離乳食,,,
1034,5823,1138,オムレツ（離乳食：中期7～8か月）,オムレツ,離乳食,,,,
1035,5824,1139,さつまいも茶巾（離乳食：中期7～8か月）,さつまいも,茶巾,離乳食,,,
1036,5825,1140,手羽先焼き（冷凍）,手羽先焼き,冷凍,,,,
1037,5826,1141,豚バラグリル,豚バラ,,,,,
1038,5827,1142,ラムチョップ,ラムチョップ,,,,,
1039,5828,1143,にんじんゼリー,にんじん,ゼリー,,,,
1040,5829,1144,かぼちゃスープ,かぼちゃ,スープ,,,,
1041,5830,1145,ほうれん草のカップシフォンケーキ,ほうれん草,カップシフォン,ケーキ,,,
1042,5831,1146,ステーキを焼く,ステーキ,,,,,
1043,5832,1147,とうもろこしをゆでる,とうもろこし,,,,,
1044,5833,1148,栗を蒸す,蒸す,,,,,
1045,5834,1149,切干大根と揚げの煮物,切干,大根,,,,
1046,5835,1150,ひじきの煮物,ひじき,,,,,
1047,5836,1151,手羽先焼き,手羽先,,,,,
1048,5837,1152,鶏の塩焼き(冷凍),鶏,冷凍,,,,
1049,5838,1153,さんまの塩焼き（冷凍）,さんま,冷凍,,,,
1050,5839,1105,あさりの<br/>ゆずこしょうパスタ,あさり,ゆずこしょう,パスタ,,,
1051,5840,1211,えびのチリソース,えび,チリ,ソース,,,
1052,5841,462,手作りぎょうざ,ぎょうざ,,,,,
1053,5842,1212,牛肉ときのこのクリーム煮,牛肉,きのこ,,,,
1054,5843,1213,豚肉のマスタードソース,豚肉,マスタード,ソース,,,
1055,5844,1214,鶏肉のバスク風,鶏肉,バスク,,,,
1056,5845,1215,キッシュ風オムレツ,キッシュ,オムレツ,,,,
1057,5846,1216,さけのクリーム煮,さけ,,,,,
1058,5847,1217,たらのプロヴァンス風,たら,プロヴァンス,,,,
1059,5848,1218,かに玉,かに玉,,,,,
1060,5849,1219,酢豚,酢豚,,,,,
1061,5850,1220,回鍋肉（ホイコーロウ）,回鍋肉,ホイコーロウ,,,,
1062,5851,1221,八宝菜,八宝菜,,,,,
1063,5852,1222,麻婆豆腐,麻婆,豆腐,,,,
1064,5853,1236,塩ざけ（減塩）,ざけ,,,,,
1065,5854,1237,あじの開き（減塩）,あじ,開き,,,,
1066,5855,1240,あじの開き（冷凍･減塩）,あじ,開き,冷凍,,,
1067,5856,1238,塩ざけ（冷凍・減塩）,ざけ,冷凍,,,,
1068,5857,1235,塩さば（減塩）,さば,,,,,
1069,5858,1239,塩さば（冷凍･減塩）,さば,冷凍,,,,
1070,5859,1223,白みそ,白みそ,,,,,
1071,5860,1224,塩こうじ,こうじ,,,,,
1072,5861,1225,ヨーグルト,ヨーグルト,,,,,
1073,5862,1226,さけの甘酒漬焼き,さけ,甘酒,漬焼き,,,
1074,5863,1227,さわらの甘酒漬焼き,さわら,甘酒,漬焼き,,,
1075,5864,1228,甘酒フレンチトースト,甘酒,フレンチ,トースト,,,
1076,5865,1229,甘酒蒸しパン,甘酒,蒸しパン,,,,
1077,5866,1230,甘酒,甘酒,,,,,
1078,5867,1231,たらと野菜の中華丼,たら,中華,,,,
1079,5868,1232,牛ステーキのトマトのせ,トマト,ステーキ,,,,
1080,5869,1233,豚肉のマスタードクリーム煮,豚肉,マスタードクリーム,,,,
1081,100002,100002,あげとわかめのお味噌汁,わかめ,味噌,,,,
1082,100009,100009,アボカドと小海老のディップ,アボカド,小海老,ディップ,,,
1083,100010,100010,アボカドの味噌グラタン,アボカド,味噌,グラタン,,,
1084,100011,100011,イカとあさりのトマト煮,イカ,あさり,トマト,,,
1085,100015,100015,イタリアンサラダ,イタリアン,サラダ,,,,
1086,100021,100021,いんげんの肉味噌,いんげん,味噌,,,,
1087,100023,100023,えのき茸とわかめのお味噌汁,えのき茸,わかめ,味噌,,,
1088,100027,100027,エビの生春巻き,エビ,生春巻き,,,,
1089,100031,100031,おから入りふわふわチキンボール,おから,ふわふわ,チキン,ボール,,
1090,100032,100032,オニオングラタンスープ,オニオン,グラタン,スープ,,,
1091,100036,100036,カジキのムニエル,カジキ,ムニエル,,,,
1092,100040,100040,かぶのサラダ漬け,かぶ,サラダ,,,,
1093,100041,100041,かぼちゃと油揚げのお味噌汁,かぼちゃ,油揚げ,味噌,,,
1094,100046,100046,かぼちゃのコロッケ,かぼちゃ,コロッケ,,,,
1095,100047,100047,かぼちゃのスープ,かぼちゃ,スープ,,,,
1096,100048,100048,かぼちゃのピザ,かぼちゃ,ピザ,,,,
1097,100050,100050,カレイのから揚げ,カレイ,から揚げ,,,,
1098,100055,100055,きのこのパスタ,きのこ,パスタ,,,,
1099,100056,100056,キャベツとあげのお味噌汁,キャベツ,味噌,,,,
1100,100057,100057,キャベツとトマトのお味噌汁,キャベツ,トマト,味噌,,,
1101,100060,100060,キャベツと卵のスープ,キャベツ,卵,スープ,,,
1102,100061,100061,キャベツ入りメンチカツ,キャベツ,メンチカツ,,,,
1103,100064,100064,きゅうりとわかめのサラダ,きゅうり,わかめ,サラダ,,,
1104,100065,100065,きゅうりと豚しゃぶのサラダ,きゅうり,豚しゃぶ,サラダ,,,
1105,100066,100066,きゅうりの塩昆布,きゅうり,昆布,,,,
1106,100067,100067,きゅうりの辛子漬け,きゅうり,辛子漬け,,,,
1107,100070,100070,グリンピースの甘煮,グリンピース,,,,,
1108,100071,100071,ゴーヤチャンプルー,ゴーヤ,チャンプルー,,,,
1109,100072,100072,ゴーヤのサラダ,ゴーヤ,サラダ,,,,
1110,100074,100074,コールスローサラダ,コールスロー,サラダ,,,,
1111,100076,100076,コーンスープ,コーン,スープ,,,,
1112,100078,100078,コンソメスープ,コンソメ,スープ,,,,
1113,100079,100079,サーモンのハーブグリル,サーモン,ハーブ,,,,
1114,100081,100081,サワー漬け,サワー,,,,,
1115,100089,100089,しし唐ベーコン巻,しし唐,ベーコン,,,,
1116,100090,100090,ジャージャー麺,ジャージャー,麺,,,,
1117,100092,100092,じゃがいもコーンしめじのスープ,じゃがいも,コーン,しめじ,スープ,,
1118,100099,100099,じゃがいもの冷たいスープ,じゃがいも,冷たい,スープ,,,
1119,100100,100100,じゃこと梅の混ぜご飯,じゃこ,ご飯,,,,
1120,100103,100103,セロリとりんごのサラダ,セロリ,りんご,サラダ,,,
1121,100105,100105,たことパプリカのマリネ,たこ,パプリカ,マリネ,,,
1122,100106,100106,たこと彩り野菜のサラダ,たこ,サラダ,,,,
1123,100112,100112,チキンとグレープフルーツのサラダ,チキン,グレープ,フルーツ,サラダ,,
1124,100114,100114,チキンのトマト煮,チキン,トマト,,,,
1125,100115,100115,チキンのハーブグリル,チキン,ハーブ,,,,
1126,100116,100116,チキンバー＆ポテト,チキン,ポテト,,,,
1127,100117,100117,チョレギサラダ,チョレギ,サラダ,,,,
1128,100119,100119,ツナ入りマカロニサラダ,ツナ,マカロニ,サラダ,,,
1129,100122,100122,とうもろこしのスープ,とうもろこし,スープ,,,,
1130,100124,100124,トマトスープ,トマト,スープ,,,,
1131,100125,100125,トマトスライス,トマト,スライス,,,,
1132,100126,100126,トマトといんげんのヨーグルトサラダ,トマト,いんげん,ヨーグルト,サラダ,,
1133,100127,100127,とろろ昆布のお吸い物,とろろ昆布,吸い物,,,,
1134,100130,100130,ナスとかぼちゃのお味噌汁,ナス,かぼちゃ,味噌,,,
1135,100131,100131,ナスのあっさり漬け,ナス,,,,,
1136,100132,100132,ナスのミートグラタン,ナス,ミート,グラタン,,,
1137,100137,100137,にゅう麺,にゅう麺,,,,,
1138,100138,100138,ニラ玉,ニラ,,,,,
1139,100140,100140,ねぎソースの冷奴,ねぎ,ソース,冷奴,,,
1140,100141,100141,ねぎとじゃがいもの温かいスープ,ねぎ,じゃがいも,スープ,,,
1141,100142,100142,パプリカのマリネ,パプリカ,マリネ,,,,
1142,100146,100146,パンプキンサラダ,パンプキン,サラダ,,,,
1143,100148,100148,野菜たっぷり焼きビーフン,たっぷり,ビーフン,,,,
1144,100150,100150,ピーマン昆布,ピーマン,昆布,,,,
1145,100155,100155,ピリ辛きゅうり,ピリ辛,きゅうり,,,,
1146,100161,100161,ブロッコリーとアスパラガスのヨーグルトサラダ,ブロッコリー,アスパラ,ガス,ヨーグルト,,
1147,100164,100164,ベーコンとチーズのサラダ,ベーコン,チーズ,サラダ,,,
1148,100165,100165,ベーコンと大根のスープ,ベーコン,大根,スープ,,,
1149,100166,100166,ベジスープ,ベジ,スープ,,,,
1150,100173,100173,ほうれん草と人参とちくわの炒め物,ほうれん草,人参,ちくわ,,,
1151,100175,100175,ほうれん草のナムル,ほうれん草,ナムル,,,,
1152,100178,100178,ほうれん草の卵巻き,ほうれん草,卵巻き,,,,
1153,100182,100182,ホタルイカの酢味噌和え,ホタルイカ,味噌,,,,
1154,100183,100183,ポテトサラダ,ポテト,サラダ,,,,
1155,100186,100186,マグロとアボカド寿司,マグロ,アボカド,寿司,,,
1156,100187,100187,ミネストローネ,ミネストローネ,,,,,
1157,100189,100189,モロヘイヤとトマトのスープ,モロヘイヤ,トマト,スープ,,,
1158,100191,100191,レタス炒飯,レタス,炒飯,,,,
1159,100193,100193,レンコンのバター炒め,レンコン,バター,,,,
1160,100197,100197,わかめスープ,わかめ,スープ,,,,
1161,100198,100198,わかめとお麩のお吸い物,わかめ,お麩,吸い物,,,
1162,100199,100199,わかめとお麩のお味噌汁,わかめ,お麩,味噌汁,,,
1163,100200,100200,わかめときゅうりの酢の物,わかめ,きゅうり,酢の物,,,
1164,100204,100204,わかめとみょうがのお吸い物,わかめ,みょうが,吸い物,,,
1165,100209,100209,鰯のかば焼き,鰯,かば焼き,,,,
1166,100211,100211,鰯の梅煮,鰯,,,,,
1167,100212,100212,塩肉じゃが,肉じゃが,,,,,
1168,100213,100213,塩揉みキャベツ,キャベツ,,,,,
1169,100220,100220,玉ねぎと油揚げのお味噌汁,玉ねぎ,油揚げ,味噌,,,
1170,100222,100222,鶏ささみのチーズロール,鶏ささみ,チーズ,,,,
1171,100223,100223,鶏ささみの梅肉巻き,鶏ささみ,梅肉,,,,
1172,100230,100230,鶏の味噌漬け焼き,鶏,味噌,漬け焼き,,,
1173,100234,100234,鶏団子とキャベツのスープ,鶏団子,キャベツ,スープ,,,
1174,100242,100242,鮭の混ぜ寿司,鮭,寿司,,,,
1175,100245,100245,鮭の味噌マヨグリル,鮭,味噌,マヨ,,,
1176,100246,100246,鯖のきのこおろし,鯖,きのこ,,,,
1177,100250,100250,三色ナムル,ナムル,,,,,
1178,100251,100251,三色野菜の紫漬け(ナス),紫漬け,ナス,,,,
1179,100252,100252,三色野菜の紫漬け(セロリ),紫漬け,セロリ,,,,
1180,100253,100253,三色野菜の卵炒め,卵,,,,,
1181,100254,100254,酸辣湯,酸辣湯,,,,,
1182,100261,100261,春雨サラダ,春雨,サラダ,,,,
1183,100262,100262,春雨スープ,春雨,スープ,,,,
1184,100263,100263,春菊のサラダ,春菊,サラダ,,,,
1185,100266,100266,小松菜の卵とじ,小松菜,卵とじ,,,,
1186,100268,100268,焼きナス,ナス,,,,,
1187,100273,100273,蒸し鶏の肉味噌かけ,蒸し鶏,味噌,,,,
1188,100274,100274,蒸し鶏の味噌マヨソース,蒸し鶏,味噌,マヨ,ソース,,
1189,100277,100277,人参とセロリのスープ,人参,セロリ,スープ,,,
1190,100279,100279,水菜と油揚げのサラダ,水菜,油揚げ,サラダ,,,
1191,100281,100281,水菜と卵のスープ,水菜,卵,スープ,,,
1192,100284,100284,青菜炒め,青菜,,,,,
1193,100289,100289,大根の浅漬け,大根,浅漬け,,,,
1194,100292,100292,大豆のサラダマリネ,大豆,サラダ,マリネ,,,
1195,100294,100294,大葉とミニトマトのマリネ,大葉,トマト,マリネ,,,
1196,100302,100302,中華風茶わん蒸し,中華,茶わん蒸し,,,,
1197,100303,100303,長芋とオクラのおかか和え,長芋,オクラ,おかか,,,
1198,100305,100305,長芋の梅肉和え,長芋,梅肉,,,,
1199,100306,100306,椎茸のアヒージョ,椎茸,アヒージョ,,,,
1200,100307,100307,椎茸の肉詰め,椎茸,肉詰め,,,,
1201,100308,100308,天津飯,天津飯,,,,,
1202,100314,100314,豆腐ステーキ,豆腐,ステーキ,,,,
1203,100316,100316,豆腐とわかめのお味噌汁,豆腐,わかめ,味噌汁,,,
1204,100321,100321,豚しゃぶうどん,うどん,,,,,
1205,100323,100323,豚肉の長芋梅巻き,豚肉,長芋,梅巻き,,,
1206,100325,100325,肉味噌豆腐,味噌,豆腐,,,,
1207,100327,100327,納豆おろし,納豆,,,,,
1208,100328,100328,梅ときゅうりの即席漬け,きゅうり,即席漬け,,,,
1209,100329,100329,梅と大葉の冷奴,大葉,冷奴,,,,
1210,100331,100331,白菜と卵のスープ,白菜,卵,スープ,,,
1211,100337,100337,野菜たっぷり塩焼きそば,たっぷり,焼きそば,,,,
1212,100338,100338,野菜と卵のスープ,卵,スープ,,,,
1213,100342,100342,冷奴,冷奴,,,,,
1214,100347,100347,筍とわかめの酢味噌和え,わかめ,味噌,,,,
1215,100352,100352,マカロニサラダ,マカロニ,サラダ,,,,
1216,100353,100353,ヨーグルトサラダ,ヨーグルト,サラダ,,,,
1217,100355,100355,鯵のピカタ,鯵,ピカタ,,,,
1218,100360,100360,春キャベツと絹さやベーコンの炒め物,キャベツ,絹さや,ベーコン,,,
1219,100362,100362,新玉ねぎのサラダ,新玉ねぎ,サラダ,,,,
1220,100363,100363,大根の甘酢漬け,大根,甘酢,,,,
1221,101650,101650,長芋サラダ,長芋,サラダ,,,,
1222,101653,101653,金時豆の甘煮,金時豆,,,,,
1223,101684,101684,サーモンのかぶ巻き,サーモン,かぶ巻き,,,,
1224,101696,101696,大根とホタテのサラダ,大根,ホタテ,サラダ,,,
1225,101702,101702,ちゃんこ鍋,ちゃんこ,,,,,
1226,101703,101703,おでん,おでん,,,,,
1227,101705,101705,大根の辛子漬け,大根,辛子漬け,,,,
1228,101706,101706,かぶとエビのクリーム煮,かぶ,エビ,,,,
1229,101708,101708,ほうれん草と牡蠣のグラタン,ほうれん草,牡蠣,グラタン,,,
1230,101709,101709,みぞれ豚しゃぶ鍋,みぞれ,,,,,
1231,101719,101719,ベーコンと野菜のポトフ,ベーコン,ポトフ,,,,
1232,101728,101728,チキンと白菜のクリーム煮,チキン,白菜,,,,
1233,101733,101733,ロールキャベツ,キャベツ,,,,,
1234,101772,101772,じゃがいもと豚バラのザーサイ炒め,じゃがいも,豚バラ,ザーサイ,,,
1235,101773,101773,豚バラと大豆のチリコンカン,豚バラ,大豆,チリコンカン,,,
1236,101802,101802,人参とかぼちゃのゴマ味噌風,人参,かぼちゃ,ゴマ,味噌,,
1237,101806,101806,かますの塩焼き,かます,,,,,
1238,101933,101933,エビとアボカドのサラダ,エビ,アボカド,サラダ,,,
1239,101934,101934,カレイの煮付け,カレイ,,,,,
1240,101935,101935,ズッキーニのハンバーグ,ズッキーニ,ハンバーグ,,,,
1241,101976,101976,こんがりポテトのポークサラダ,こんがり,ポテト,ポーク,サラダ,,
1242,101978,101978,ゴーヤとツナの厚焼き玉子,ゴーヤ,ツナ,厚焼き,玉子,,
1243,101979,101979,とうもろこしの焼きしゅうまい,とうもろこし,しゅうまい,,,,
1244,101980,101980,ふんわりイカバーグ,イカ,バーグ,,,,
1245,101984,101984,ポテトグラタン,ポテト,グラタン,,,,
1246,101989,101989,きのことイカのガーリック炒め,きのこ,イカ,ガーリック,,,
1247,101992,101992,玉子どうふのスープ,玉子,スープ,どうふ,,,
1248,101993,101993,トマトと卵のボリューム炒め,トマト,卵,ボリューム,,,
1249,101994,101994,さつまいもと豚肉の煮物,さつまいも,豚肉,,,,
1250,101995,101995,セロリとささみのシャキシャキサラダ,セロリ,ささみ,サラダ,,,
1251,101996,101996,ニラのたこキムチ炒め,ニラ,たこキムチ,,,,
1252,101999,101999,まぐろとアボカドのサラダ,まぐろ,アボカド,サラダ,,,
1253,102002,102002,里芋のそぼろ煮,里芋,そぼろ,,,,
1254,102003,102003,豆腐ともやしの中華炒め,豆腐,もやし,中華,,,
1255,102004,102004,切り干し大根モリモリサラダ,切り干し,大根,モリモリ,サラダ,,
1256,102005,102005,じゃがいもとベーコンの味噌汁,じゃがいも,ベーコン,味噌,,,
1257,102006,102006,青梗菜と椎茸のスープ,青梗菜,椎茸,スープ,,,
1258,102007,102007,わかめとしめじのオイスター炒め,わかめ,しめじ,オイスター,,,
1259,102008,102008,ナスと枝豆の生姜まぶし,ナス,枝豆,生姜まぶし,,,
1260,102009,102009,鯖の韓国風みそ煮,鯖,韓国,みそ,,,
1261,102010,102010,レタス＆ベーコン炒め,レタス,ベーコン,,,,
1262,102012,102012,きゅうりとごま油のピリ辛炒め,きゅうり,ごま油,ピリ辛,,,
1263,102013,102013,ズッキーニのナムル,ズッキーニ,ナムル,,,,
1264,102014,102014,レンコンとぶなしめじのイタリアン炒め,レンコン,ぶなしめじ,イタリアン,,,
1265,102016,102016,白菜とひき肉の中華炒め,白菜,ひき肉,中華,,,
1266,102017,102017,椎茸のツナコーン焼き,椎茸,ツナ,コーン,,,
1267,102018,102018,ブロッコリーと白身魚の黄金焼き,ブロッコリー,白身魚,,,,
1268,102019,102019,鶏ごぼうめし,鶏,ごぼう,,,,
1269,102020,102020,大根のピリ辛あんかけ,大根,ピリ辛,あんかけ,,,
1270,102021,102021,ごぼうの田舎煮,ごぼう,田舎,,,,
1271,102022,102022,ほうれん草とパプリカのナムル,ほうれん草,パプリカ,ナムル,,,
1272,102023,102023,えびとブロッコリーのマヨネーズ炒め,えび,ブロッコリー,マヨネーズ,,,
1273,102024,102024,カレー風味ごぼうサラダ,カレー,ごぼう,サラダ,,,
1274,102028,102028,塩つくね,つくね,,,,,
1275,102032,102032,きのこのすまし汁,きのこ,すまし汁,,,,
1276,102034,102034,さつまいもコロコロサラダ,さつまいも,コロコロ,サラダ,,,
1277,102038,102038,玉ねぎのシーザーサラダ風,玉ねぎ,シーザー,サラダ,,,
1278,102039,102039,ナス＆ピーマンのシンプル炒め,ナス,ピーマン,シンプル,,,
1279,102040,102040,きのこの中華スープ,きのこ,中華,スープ,,,
1280,102041,102041,ブロッコリーのタルタル風ソースがけ,ブロッコリー,タルタル,ソース,,,
1281,102042,102042,じゃがいも明太ソース,じゃがいも,ソース,明太,,,
1282,102044,102044,もずくスープ,もずく,スープ,,,,
1283,102045,102045,まろやか豆腐スープ,まろやか,豆腐,スープ,,,
1284,102046,102046,キャベツの甘辛酢和え,キャベツ,甘辛酢,,,,
1285,102047,102047,レタスとトマトのスープ,レタス,トマト,スープ,,,
1286,102048,102048,タコときゅうりのザーサイ和え,タコ,きゅうり,ザーサイ,,,
1287,102049,102049,豆腐の納豆チーズ焼き,豆腐,納豆,チーズ,,,
1288,102053,102053,ゆで豚サラダ,ゆで豚,サラダ,,,,
1289,102055,102055,しじみのお味噌汁,しじみ,味噌,,,,
1290,102063,102063,長芋のお味噌汁,長芋,味噌,,,,
1291,102067,102067,名古屋風お雑煮,名古屋,,,,,
1292,102083,102083,えのきバーグ,えのき,バーグ,,,,
1293,102084,102084,ちくわの天とじ丼,ちくわ,天とじ,,,,
1294,102115,102115,鶏肉のスパイス焼き,鶏肉,,,,,
1295,102116,102116,鶏肉のマーマレード煮,鶏肉,マーマレード,,,,
1296,102120,102120,きのこのオイスターソース煮,きのこ,オイスター,ソース,,,
1297,102121,102121,長芋のシーフードグラタン,長芋,シーフード,グラタン,,,
1298,102122,102122,ほうれん草のエビ入りソテー,ほうれん草,エビ,ソテー,,,
1299,102126,102126,エビとカリフラワーのマヨネーズ炒め,エビ,カリフラワー,マヨネーズ,,,
1300,102127,102127,豚肉とアスパラガス炒め,豚肉,アスパラ,ガス,,,
1301,102128,102128,豚肉とオクラのチャンプルー,豚肉,オクラ,チャンプルー,,,
1302,102129,102129,大根と豚ばらの煮物,大根,豚ばら,,,,
1303,102130,102130,串焼きピカタ,串焼き,ピカタ,,,,
1304,102132,102132,ブロッコリーと牛肉の中華炒め,ブロッコリー,牛肉,中華,,,
1305,102137,102137,ニラと豆腐の帆立あん仕立て,ニラ,豆腐,帆立,,,
1306,102138,102138,筍のおかか煮,おかか,,,,,
1307,102139,102139,ひじきのツナマヨサラダ,ひじき,ツナマヨ,サラダ,,,
1308,102145,102145,海老とブロッコリーのサラダ,海老,ブロッコリー,サラダ,,,
1309,102146,102146,ふんわりつくね,つくね,,,,,
1310,102148,102148,簡単ポークピカタ,ポーク,ピカタ,,,,
1311,102150,102150,アスパラガス入り卵焼き,アスパラ,ガス,卵焼き,,,
1312,102169,102169,キャベツとアボカドときゅうりのグリーンサラダ,キャベツ,アボカド,きゅうり,グリーン,,
1313,102188,102188,海鮮サラダ,海鮮,サラダ,,,,
1314,102189,102189,鶏肉とブロッコリーのこってり炒め,鶏肉,ブロッコリー,こってり,,,
1315,102226,102226,春キャベツと新玉ねぎの蒸し焼き,キャベツ,新玉ねぎ,蒸し焼き,,,
1316,102227,102227,さわらと菜の花のアクアパッツア風,さわら,アクアパッツア,,,,
1317,102228,102228,春キャベツと人参のマリネサラダ,キャベツ,人参,マリネ,サラダ,,
1318,102256,102256,シェルマカロニバジル風味,シェル,マカロニ,バジル,,,
1319,102257,102257,金目鯛とごぼうの含め煮,金目鯛,ごぼう,,,,
1320,102258,102258,千切り野菜で食べる鯖の唐揚げ,千切り,鯖,唐揚げ,,,
1321,102260,102260,究極の黒豚で根菜バーグきのこあんかけ,究極,黒豚,バーグ,きのこ,,
1322,102261,102261,鶏ささみの酸辣湯,鶏ささみ,酸辣湯,,,,
1323,102262,102262,鶏ささみと水菜の柚子ドレッシング,鶏ささみ,水菜,柚子,ドレッシング,,
1324,102263,102263,生麩と野菜の柚子味噌かけ,生麩,柚子,味噌,,,
1325,102269,102269,ブリと豆腐のすき煮,ブリ,豆腐,すき,,,
1326,102270,102270,ブリと野菜のトマト煮,ブリ,トマト,,,,
1327,102271,102271,鮭とほうれん草のオムレツ,鮭,ほうれん草,オムレツ,,,
1328,102272,102272,鮭と野菜の甘辛ねぎソース,鮭,甘辛,ソース,ねぎ,,
1329,102329,102329,スモークサーモンとかぶの麹和え,サーモン,かぶ,麹,,,
1330,102330,102330,スモークサーモンとほうれん草のフィットチーネ,サーモン,ほうれん草,フィットチーネ,,,
1331,102331,102331,牡蠣のスモークサーモン巻ソテー,牡蠣,サーモン,ソテー,,,
1332,102377,102377,きゅうりと薄焼き卵の酢の物,きゅうり,薄焼き卵,酢の物,,,
1333,102405,102405,もやしの卵巻き,もやし,卵巻き,,,,
1334,102407,102407,豆腐のカニ玉あんかけ,豆腐,カニ玉,あんかけ,,,
1335,102409,102409,炒飯,炒飯,,,,,
1336,102410,102410,人参しりしり,人参,しりしり,,,,
1337,102423,102423,トマトとちりめんじゃこのオムレツ,トマト,ちりめんじゃこ,オムレツ,,,
1338,102428,102428,あさりとたけのこのパスタ,あさり,たけのこ,パスタ,,,
1339,102536,102536,アボカドと鮭のクリーミーグラタン,アボカド,鮭,クリーミー,グラタン,,
1340,102561,102561,豚肉とキャベツの重ね蒸し,豚肉,キャベツ,重ね蒸し,,,
1341,102562,102562,しめじとパプリカのマスタード和え,しめじ,パプリカ,マスタード,,,
1342,102671,102671,鰻ときゅうりの酢の物,鰻,きゅうり,酢の物,,,
1343,102699,102699,エスニック風串焼き,串焼き,,,,,
1344,102701,102701,イタリアングリーンサラダ,イタリアン,グリーン,サラダ,,,
1345,102702,102702,ガスパチョ,ガスパチョ,,,,,
1346,102704,102704,エビとブロッコリーのヨーグルトサラダ,エビ,ブロッコリー,ヨーグルト,サラダ,,
1347,102705,102705,揚げナスの素麺,揚げナス,素麺,,,,
1348,102706,102706,トマトの煮びたし,トマト,びたし,,,,
1349,102729,102729,しめじのスープ,しめじ,スープ,,,,
1350,102803,102803,かつおのたたきサラダ,かつお,たたき,サラダ,,,
1351,102811,102811,豚肉ときのこのオイスター炒め,豚肉,きのこ,オイスター,,,
1352,102848,102848,パクチーともやしのジャージャー麺,パクチー,もやし,ジャージャー,麺,,
1353,102849,102849,アーモンド入りチョップドサラダ,アーモンド,チョップド,サラダ,,,
1354,102850,102850,きゅうりの酢の物,きゅうり,酢の物,,,,
1355,102858,102858,イカときのこの梅炒め,イカ,きのこ,,,,
1356,102905,102905,ホットプレートでお手軽ビビンバ,ホットプレート,ビビンバ,,,,
1357,102917,102917,マグロのカルパッチョ,マグロ,カルパッチョ,,,,
1358,102918,102918,鶏むね肉のパプリカビネガー風,鶏むね肉,パプリカ,ビネガー,,,
1359,102921,102921,牛サーロインのタリアータ・サラダ仕立て,牛サーロイン,タリアータ,サラダ,,,
1360,102942,102942,イクラと長芋のサラダ,イクラ,長芋,サラダ,,,
1361,102943,102943,イクラとスモークサーモンのクリームパスタ,イクラ,サーモン,パスタ,,,
1362,102944,102944,牡蠣とエリンギのガーリックバター,牡蠣,エリンギ,ガーリック,バター,,
1363,102946,102946,お手軽チーズフォンデュ,チーズ,フォンデュ,,,,
1364,102955,102955,人参とピーマンのおかか和え,人参,ピーマン,おかか,,,
1365,102956,102956,きゅうりと人参のピーラーサラダ,きゅうり,人参,ピーラー,サラダ,,
1366,102962,102962,生姜たれで食べる肉と野菜,生姜,たれ,,,,
1367,102971,102971,さつまいもとクルミのサラダ,さつまいも,クルミ,サラダ,,,
1368,102972,102972,さつまいもの吹き寄せ甘酢あん,さつまいも,吹き寄せ,甘酢,,,
1369,102990,102990,もやしと豚バラ肉のピリ辛中華炒め,もやし,豚バラ肉,ピリ辛,中華,,
1370,102991,102991,もやしとツナの卵とじ,もやし,ツナ,卵とじ,,,
1371,102992,102992,真鯛のアクアパッツァ,真鯛,アクアパッツァ,,,,
1372,102993,102993,真鯛の簡単昆布じめ風,真鯛,昆布じめ,,,,
1373,102998,102998,海老と牡蠣のアヒージョ,海老,牡蠣,アヒージョ,,,
1374,102999,102999,舌平目のムニエル椎茸バターソース,舌平目,ムニエル,椎茸,バター,,
1375,103001,103001,サーロインステーキと彩り野菜のグリル,サーロイン,ステーキ,,,,
1376,103002,103002,舌平目のコキール,舌平目,コキール,,,,
1377,103009,103009,鮭と白菜のとろ～りあんかけ蒸し,鮭,白菜,あんかけ,,,
1378,103010,103010,タラとたっぷり野菜のレンジ蒸し,タラ,たっぷり,レンジ蒸し,,,
1379,103011,103011,タラのチゲ鍋,タラ,チゲ,,,,
1380,103012,103012,塩鮭入りじゃがいも餅のあんかけ,鮭,じゃがいも,餅,あんかけ,,
1381,103015,103015,ねばねば丼,ねばねば,,,,,
1382,103025,103025,柔らかふろふき大根,柔らか,ふろふき,大根,,,
1383,103028,103028,ブリ大根,ブリ,大根,,,,
1384,103041,103041,カブのみぞれ鍋,カブ,みぞれ,,,,
1385,103047,103047,お餅とツナの肉巻き,餅,ツナ,肉巻き,,,
1386,103054,103054,みかんとベビーリーフのサラダ,みかん,ベビーリーフ,サラダ,,,
1387,103055,103055,みかんの寒天ゼリー,みかん,寒天,ゼリー,,,
1388,103056,103056,七草とじゃこの佃煮風,七草,じゃこ,,,,
1389,103064,103064,きのこのオイル煮,きのこ,,,,,
1390,103066,103066,きのこのオムレツ,きのこ,オムレツ,,,,
1391,103068,103068,じゃがいもとタラのグラタン風,じゃがいも,タラ,グラタン,,,
1392,103069,103069,春菊とマッシュルームのサラダ,春菊,マッシュルーム,サラダ,,,
1393,103073,103073,水菜と人参のナムル,水菜,人参,ナムル,,,
1394,103095,103095,もつの味噌炒め,もつ,味噌,,,,
1395,103096,103096,もつ鍋,もつ,,,,,
1396,103104,103104,ハムとフレッシュ野菜のサラダ,ハム,フレッシュ,サラダ,,,
1397,103110,103110,冬野菜と鯛の姿蒸し,鯛,姿蒸し,,,,
1398,103112,103112,おひな様のちらし寿司,おひな様,ちらし,寿司,,,
1399,103113,103113,はまぐりの潮汁,はまぐり,潮汁,,,,
1400,103119,103119,新玉ねぎとえのきのコンソメスープ,えのき,コンソメ,スープ,玉ねぎ,,
1401,103122,103122,スモークサーモンの簡単ちらし寿司,サーモン,ちらし,寿司,,,
1402,103149,103149,しらすとピーマンのピリ辛炒め,しらす,ピーマン,ピリ辛,,,
1403,5873,1244,バジル香るガパオ丼,バジル,ガパオ,丼,,,
1404,5874,1245,チーズキンパ,チーズ,キンパ,,,,
1405,5875,1246,くるみゆずいなり,くるみ,ゆず,いなり,,,
1406,5876,1247,トムカーガイ,トムカーガイ,,,,,
1407,5877,1248,パクチーマーボー丼,パクチー,マーボー,丼,,,
1408,5878,1249,ソムタム,ソムタム,,,,,
1409,5879,1250,たまねぎカップの明石焼き風,たまねぎ,明石焼き,,,,
1410,5880,1251,天かすと青のりのにぎりめし,天かす,青のり,にぎりめし,,,
1411,5881,1252,黒豆のワイン煮,黒豆,ワイン,,,,
1412,5884,1255,持て余しもちもっちりおこわ,おこわ,,,,,
1413,5885,1256,さくら手まりおにぎり,さくら,手まり,おにぎり,,,
1414,5886,1257,新じゃが＆豚バラのウーロン煮,新じゃが,豚バラ肉,ウーロン,,,
1415,5887,1258,トムヤムクン,トムヤムクン,,,,,
1416,5888,1259,えびのバラぎょうざ,えび,バラ,ぎょうざ,,,
1417,5889,1260,ほっけの干物でアクアパッツア,ほっけ,干物,アクアパッツ,,,
1418,5890,1261,持て余しもちダブルしゅうまい,もち,ダブル,しゅうまい,,,
1419,5891,1262,スタッフドバゲット　えび,スタッフド,バケット,えび,,,
1420,5892,1263,手羽中のグリルはちみつしょうゆ,手羽,グリル,はちみつ,しょうゆ,,
1421,5893,1264,五平もち風焼きおにドック,五平もち,焼き,,,,
1422,5894,1265,肉巻き切りもちトッポギ風,肉巻き,切りもち,トッポギ風,,,
1423,5895,1266,ビスケット,ビスケット,,,,,
1424,5896,1267,プルアパートブレッド,プルアパート,ブレッド,,,,
1425,5897,1268,ぎゅう詰めオーブン焼き,ぎゅう詰め,オーブン焼き,,,,
1426,5898,1269,クムピル,クムピル,,,,,
1427,5899,1270,ふわしゅわ パンケーキ,パンケーキ,,,,,
1428,5900,1271,秋のプチ桃山,秋,プチ,桃山,,,
1429,5901,1272,食べるトマトらー油,トマト,ラー油,,,,
1430,5902,1273,サーモンのオーブン焼き,サーモン,オーブン,焼き,,,
1431,5903,1274,じゃがいものミルフィーユ風,じゃがいも,ミルフィーユ,,,,
1432,5905,1276,北欧風メダリオン,北欧,メダリオン,,,,
1433,5906,1277,ネイキッドケーキ,ネイキッド,ケーキ,,,,
1434,5922,1285,おもちDEラザニア,おもち,ラザニア,,,,
1435,5923,1286,韓国風やきとりタッコチ,やきとり,タッコチ,,,,
1436,5924,1287,冷凍うどんの包み蒸し,冷凍,うどん,包み蒸し,,,
1437,6025,1331,レンジDEチョコケーキ,レンジ,チョコ,ケーキ,,,
1438,6026,1332,チーズチキンマフィン,チーズ,チキン,マフィン,,,
1439,103154,103262,"レタスの中華風サラダ",レタス,中華風,サラダ,,,
1440,103155,103263,"えのきのタイ風サラダ",えのき,タイ風,サラダ,,,
1441,103156,103264,"インドネシア風サラダ",インドネシア風,サラダ,,,,
1442,103157,103265,"ズッキーニのチーズサラダ",ズッキーニ,チーズ,サラダ,,,
1443,103158,103266,"じゃがいものたらこマヨネーズ",じゃがいも,たらこ,マヨネーズ,,,
1444,103159,103267,"れんこんのカレーマヨきんぴら",れんこん,カレー,きんぴら,,,
1445,103152,103261,"にんじんのハニーマスタード",にんじん,ハニー,マスタード,,,
1446,103160,103268,"セロリとたこの酢みそあえ",セロリ,たこ,酢みそ,あえ,,
1447,103161,103269,オクラの梅肉あえ,オクラ,梅肉,あえ,,,
1448,103162,103270,"ピーマンとツナの塩昆布あえ",ピーマン,ツナ,塩昆布,あえ,,
1449,103163,103271,きのこのナムル,きのこ,ナムル,,,,
1450,103164,103272,白菜の水キムチ風,白菜,水キムチ,キムチ,,,
1451,103165,103273,豚と野菜のごまみそ焼き,豚,野菜,ごま,みそ,焼き,
1452,103178,904981,豚と野菜のごまみそ焼き(冷凍),豚,野菜,ごま,みそ,焼き,冷凍
1453,103166,103274,"豚バラ大根のマヨ照り焼き",豚バラ,大根,マヨ,照り焼き,,
1454,103187,904982,豚バラ大根のマヨ照り焼き(冷凍),豚バラ,大根,マヨ,照り焼き,冷凍,
1455,103167,103275,ポークトマト,ポーク,トマト,,,,
1456,103188,904983,ポークトマト(冷凍),ポーク,トマト,冷凍,,,
1457,103151,103259,"キャベツメンチカツ",キャベツ,メンチカツ,,,,
1458,103177,904980,キャベツメンチカツ(冷凍),キャベツ,メンチカツ,冷凍,,,
1459,103168,103276,肉巻き厚揚げ,肉巻き,厚揚げ,,,,
1460,103189,904984,肉巻き厚揚げ(冷凍),肉巻き,厚揚げ,冷凍,,,
1461,103169,103277,"鶏と野菜の辛味焼き",鶏,野菜,辛味,焼き,,
1462,103190,904985,鶏と野菜の辛味焼き(冷凍),鶏,野菜,辛味,焼き,冷凍,
1463,103170,103278,"さけと野菜の白みそ風ソテー",さけ,野菜,白みそ,ソテー,,
1464,103191,904986,さけと野菜の白みそ風ソテー(冷凍),さけ,野菜,白みそ,ソテー,冷凍,
1465,103171,103279,"えびと野菜のカレーマヨ焼き",えび,野菜,カレー,マヨ,焼き,
1466,103192,904987,えびと野菜のカレーマヨ焼き(冷凍),えび,野菜,カレー,マヨ,焼き,冷凍
1467,7215,502,鶏の照り焼き＆<br/>かぼちゃの煮物,鶏,照り焼き,かぼちゃ,,,
1468,7216,500,しいたけ肉詰め＆<br/>和風カレースープ,しいたけ,肉詰め,カレー,スープ,,
1469,7381,498,つくねだんご＆<br/>野菜スープ,つくね,だんご,スープ,,,
1470,7382,497,さけと厚あげ焼き<br/>＆野菜あん,さけ,厚あげ,,,,
1471,7218,495,塩さば＆五色きんぴら,さば,五色,きんぴら,,,
1472,7383,71,肉だんご＆甘酢あん,だんご,甘酢,,,,
1473,7217,97,おからハンバーグ<br/>＆野菜ソース,おから,ハンバーグ,ソース,,,
1474,7219,488,焼きおにぎり＆豚汁,おにぎり,豚汁,,,,
1475,7220,485,焼き豚チャーハン<br/>＆もやしスープ,焼き豚,チャーハン,もやし,スープ,,
1476,7384,484,鶏のから揚げ＆<br/>八宝菜風煮物,鶏,から揚げ,八宝菜,,,
1477,7221,88,鶏のから揚げ＆<br/>白菜とあげの煮物,鶏,から揚げ,白菜,,,
1478,7385,479,焼きもち＆<br/>すまし雑煮,もち,すまし,雑煮,,,
1479,7224,476,焼きもち＆<br/>ぜんざい,もち,ぜんざい,,,,
1480,7222,474,鶏のマヨ焼き＆<br/>あさりのボンゴレ,鶏,マヨ焼き,あさり,ボンゴレ,,
1481,7386,150,野菜のチーズ焼き<br/>＆マカロニ,チーズ,マカロニ,,,,
1482,7387,87,たいの塩焼き＆<br/>赤飯,たい,赤飯,,,,
1483,7223,472,ちゃんちゃん焼き<br/>＆山菜おこわ,ちゃんちゃん焼き,山菜,おこわ,,,
1484,7347,471,青菜の煮物,青菜,,,,,
1485,7348,68,野菜バター煮,バター,,,,,
1486,7052,8,かぼちゃの煮物,かぼちゃ,,,,,
1487,7054,83,きんぴら,きんぴら,,,,,
1488,7053,90,野菜のカレー煮,カレー,,,,,
1489,7056,40,じゃがいもと<br/>ベーコンの煮物,じゃがいも,ベーコン,,,,
1490,7057,64,大根とツナの煮物,大根,ツナ,,,,
1491,7350,470,れんこんの煮物,れんこん,,,,,
1492,7045,469,ビーフカレー,ビーフ,カレー,,,,
1493,7349,468,いわしのしょうが煮,いわし,しょうが,,,,
1494,7058,14,かれいの煮付け,かれい,,,,,
1495,7059,73,五目豆,五目豆,,,,,
1496,7060,467,黒豆,黒豆,,,,,
1497,7202,465,茶わん蒸し,茶わん蒸し,,,,,
1498,7203,464,温泉卵,温泉卵,,,,,
1499,7204,463,ゆで卵,ゆで卵,,,,,
1500,7190,36,チルドぎょうざ,チルド,ぎょうざ,,,,
1501,7188,460,小籠包<br/>（ショウロンポウ）,小籠包,ショウロンポウ,,,,
1502,7187,456,肉まん（手作り）,肉まん,,,,,
1503,7193,455,手作りしゅうまい,しゅうまい,,,,,
1504,7380,454,豆腐しゅうまい,豆腐,しゅうまい,,,,
1505,7199,453,一尾魚の蒸し物,一尾魚,蒸し物,,,,
1506,7196,147,アクアパッツア,アクアパッツア,,,,,
1507,7379,450,さけとあさりの<br/>ハーブ蒸し,さけ,あさり,ハーブ蒸し,,,
1508,7066,126,焼き豚,焼き豚,,,,,
1509,7098,37,鶏の塩焼き,鶏,,,,,
1510,7068,29,焼きとり,焼きとり,,,,,
1511,7456,43,ローストチキン,ロースト,チキン,,,,
1512,7457,42,ローストビーフ,ローストビーフ,,,,,
1513,7128,15,さんまの塩焼き,さんま,,,,,
1514,7075,446,ほっけの開き,ほっけ,開き,,,,
1515,7459,445,たいの姿焼き,たい,姿焼き,,,,
1516,7076,31,さけとしめじの<br/>ホイル焼き,さけ,しめじ,ホイル,,,
1517,7001,166,焼きなす,焼きなす,,,,,
1518,7086,11,マカロニグラタン,マカロニ,グラタン,,,,
1519,7354,62,じゃがいものグラタン,じゃがいも,グラタン,,,,
1520,7460,439,ホワイトソース,ホワイト,ソース,,,,
1521,7088,3,ハンバーグ,ハンバーグ,,,,,
1522,7090,438,おから入りハンバーグ,おから,ハンバーグ,,,,
1523,7092,30,野菜ハンバーグ,ハンバーグ,,,,,
1524,7094,164,小松菜入り<br/>鶏ハンバーグ,小松菜,鶏,ハンバーグ,,,
1525,7100,437,鶏の照り焼き,鶏,照り焼き,,,,
1526,7357,436,鶏の黒酢照り焼き,鶏,黒酢,照り焼き,,,
1527,7359,117,鶏のレモン風味照り焼き,鶏,レモン,照り焼き,,,
1528,7361,435,鶏のゆずこしょう焼き,鶏,ゆずこしょう焼き,,,,
1529,7104,142,手羽元の香味焼き,手羽元,香味焼き,,,,
1530,7106,434,手羽元の甘辛焼き,手羽元,甘辛焼き,,,,
1531,7108,38,手羽元のカレー焼き,手羽元,カレー,,,,
1532,7114,81,肉巻き野菜,肉巻き,,,,,
1533,7363,433,もちめんたい巻き,もち,めんたい,,,,
1534,7365,432,ウィンナー野菜巻き,ウィンナー,,,,,
1535,7112,98,しいたけの肉詰め,しいたけ,肉詰め,,,,
1536,7110,429,ピーマンの肉詰め,ピーマン,肉詰め,,,,
1537,7102,118,手羽元の彩り野菜添え,手羽元,,,,,
1538,7144,112,あじの開き,あじ,開き,,,,
1539,7130,2,塩さば,さば,,,,,
1540,7134,428,さばのこしょう焼き,さば,こしょう焼き,,,,
1541,7136,427,さばの酢じょうゆ焼き,さば,酢じょうゆ焼き,,,,
1542,7138,426,さばの梅風味焼き,さば,味焼き,,,,
1543,7140,21,塩ざけ,ざけ,,,,,
1544,7367,425,さけの香草焼き,さけ,香草焼き,,,,
1545,7369,96,さけの照り焼き,さけ,照り焼き,,,,
1546,7371,424,さけのチーズソテー,さけ,チーズ,ソテー,,,
1547,7148,423,ぶりの照り焼き,ぶり,照り焼き,,,,
1548,7150,421,さわらの漬焼き,さわら,漬焼き,,,,
1549,7152,420,さわらの中華焼き,さわら,中華,,,,
1550,7154,419,さわらのごま酢焼き,さわら,ごま酢焼き,,,,
1551,7156,418,さわらのめんたいマヨ焼き,さわら,めんたいマヨ,,,,
1552,7162,417,焼き野菜,焼き,野菜,,,,
1553,7164,416,和風焼き野菜,和風,焼き,野菜,,,
1554,7166,415,マリネ風焼き野菜,マリネ,焼き　,野菜,,,
1555,7089,414,ハンバーグ（冷凍）,ハンバーグ,冷凍,,,,
1556,7091,413,おから入りハンバーグ<br/>（冷凍）,おから,ハンバーグ,冷凍,,,
1557,7093,412,野菜ハンバーグ（冷凍）,ハンバーグ,冷凍,,,,
1558,7095,411,小松菜入り<br/>鶏ハンバーグ（冷凍）,小松菜,鶏,ハンバーグ,冷凍,,
1559,7101,410,鶏の照り焼き（冷凍）,鶏,照り焼き,冷凍,,,
1560,7358,409,鶏の黒酢照り焼き（冷凍）,鶏,黒酢,照り焼き,冷凍,,
1561,7360,408,鶏のレモン風味<br/>照り焼き（冷凍）,鶏,レモン,照り焼き,冷凍,,
1562,7362,407,鶏のゆずこしょう焼き<br/>（冷凍）,鶏,ゆずこしょう焼き,冷凍,,,
1563,7105,406,手羽元の香味焼き（冷凍）,手羽元,香味焼き,冷凍,,,
1564,7107,405,手羽元の甘辛焼き（冷凍）,手羽元,甘辛焼き,冷凍,,,
1565,7109,404,手羽元のカレー焼き（冷凍）,手羽元,カレー,冷凍,,,
1566,7115,403,肉巻き野菜（冷凍）,肉巻き,冷凍,,,,
1567,7364,402,もちめんたい巻き（冷凍）,もち,めんたい巻き,冷凍,,,
1568,7366,401,ウィンナー<br/>野菜巻き（冷凍）,ウィンナー,冷凍,,,,
1569,7113,398,しいたけの肉詰め（冷凍）,しいたけ,肉詰め,冷凍,,,
1570,7111,397,ピーマンの肉詰め（冷凍）,ピーマン,肉詰め,冷凍,,,
1571,7103,396,手羽元の彩り野菜添え<br/>（冷凍）,手羽元,冷凍,,,,
1572,7145,394,あじの開き（冷凍）,あじ,開き,冷凍,,,
1573,7131,393,塩さば（冷凍）,さば,冷凍,,,,
1574,7135,392,さばのこしょう焼き<br/>（冷凍）,さば,こしょう焼き,冷凍,,,
1575,7137,391,さばの酢じょうゆ焼き<br/>（冷凍）,さば,酢じょうゆ焼き,冷凍,,,
1576,7139,390,さばの梅風味焼き（冷凍）,さば,味焼き,冷凍,,,
1577,7141,389,塩ざけ（冷凍）,ざけ,冷凍,,,,
1578,7368,388,さけの香草焼き（冷凍）,さけ,香草焼き,冷凍,,,
1579,7370,387,さけの照り焼き（冷凍）,さけ,照り焼き,冷凍,,,
1580,7372,386,さけのチーズソテー（冷凍）,さけ,チーズ,ソテー,冷凍,,
1581,7149,385,ぶりの照り焼き（冷凍）,ぶり,照り焼き,冷凍,,,
1582,7151,383,さわらの漬焼き（冷凍）,さわら,漬焼き,冷凍,,,
1583,7153,382,さわらの中華焼き（冷凍）,さわら,中華,冷凍,,,
1584,7155,381,さわらのごま酢焼き（冷凍）,さわら,ごま酢焼き,冷凍,,,
1585,7157,380,さわらのめんたいマヨ焼き（冷凍）,さわら,めんたいマヨ焼き,冷凍,,,
1586,7163,25,焼き野菜（冷凍）,冷凍,焼き,野菜,,,
1587,7165,379,和風焼き野菜（冷凍）,冷凍,和風,焼き,野菜,,
1588,7167,378,マリネ風焼き野菜（冷凍）,マリネ,冷凍,,,,
1589,7176,119,豚キムチの春巻き,豚キムチ,春巻き,,,,
1590,7375,99,鶏とらっきょうの<br/>春巻き,鶏,らっきょう,春巻き,,,
1591,7178,4,鶏のから揚げ,鶏,から揚げ,,,,
1592,103180,376,鶏のかんたんから揚げ,鶏,から揚げ,,,,
1593,7377,375,鶏のごま風味から揚げ,鶏,ごま,から揚げ,,,
1594,7356,374,いわしのフライ,いわし,フライ,,,,
1595,7079,61,えびフライ,えびフライ,,,,,
1596,7078,13,とんかつ,とんかつ,,,,,
1597,7355,370,串かつ,串かつ,,,,,
1598,7177,368,豚キムチの春巻き（冷凍）,キムチ,春巻き,冷凍,,,
1599,7374,367,牛肉の春巻き（冷凍）,牛肉,春巻き,冷凍,,,
1600,7376,366,鶏とらっきょうの<br/>春巻き（冷凍）,鶏,らっきょう,春巻き,冷凍,,
1601,7179,365,鶏のから揚げ（冷凍）,鶏,から揚げ,冷凍,,,
1602,103181,364,鶏のかんたんから揚げ（冷凍）,鶏,から揚げ,冷凍,,,
1603,7378,363,鶏のごま風味から揚げ<br/>（冷凍）,鶏,ごま,から揚げ,冷凍,,
1604,7228,243,スナックピザ,スナック,ピザ,,,,
1605,7229,242,かんたんフォカッチャ,フォカッチャ,,,,,
1606,7055,141,肉じゃが,肉じゃが,,,,,
1607,7419,241,さんまのコンフィ,さんま,コンフィ,,,,
1608,7071,240,クマさん<br/>ハンバーグ,クマさん,ハンバーグ,,,,
1609,7417,233,鶏肉のコンフィ,鶏肉,コンフィ,,,,
1610,7418,232,鶏肉のコンフィの<br/>ソテー,鶏肉,コンフィ,ソテー,,,
1611,7420,223,さんまのコンフィ<br/>カラフルパスタ,さんま,コンフィ,カラフル,パスタ,,
1612,7415,222,豚肉のコンフィ,豚肉,コンフィ,,,,
1613,7416,221,豚肉のコンフィの<br/>サンドウィッチ,豚肉,コンフィ,サンドウィッチ,,,
1614,7373,377,牛肉の春巻き,牛肉,春巻き,,,,
1615,7214,362,枝豆,枝豆,,,,,
1616,7352,121,なすのピリ辛あえ,なす,ピリ辛,,,,
1617,7353,113,さやいんげんの<br/>ごまみそあえ,さやいんげん,ごまみそ,,,,
1618,7168,6,手作り焼きおにぎり,おにぎり,,,,,
1619,7170,106,チーズ入り<br/>焼きおにぎり,チーズ,おにぎり,,,,
1620,7172,154,なめたけの<br/>焼きおにぎり,なめたけ,おにぎり,,,,
1621,7174,359,モッチーズ,チーズ,,,,,
1622,7206,44,チキンライス,チキン,ライス,,,,
1623,7208,357,白ごはん,ごはん,,,,,
1624,7207,76,赤飯,赤飯,,,,,
1625,7205,16,ソース焼きそば,ソース,焼きそば,,,,
1626,7169,354,手作り焼きおにぎり（冷凍）,おにぎり,冷凍,,,,
1627,7171,353,チーズ入り<br/>焼きおにぎり（冷凍）,チーズ,おにぎり,冷凍,,,
1628,7173,352,なめたけの<br/>焼きおにぎり（冷凍）,なめたけ,おにぎり,冷凍,,,
1629,7175,351,モッチーズ（冷凍）,チーズ,冷凍,,,,
1630,7395,350,チョコレートケーキ,チョコレート,ケーキ,,,,
1631,7234,49,いちごのショートケーキ,いちご,ショート,ケーキ,,,
1632,7238,48,フルーツケーキ,フルーツ,ケーキ,,,,
1633,7235,349,チーズケーキ,チーズ,ケーキ,,,,
1634,7236,94,シフォンケーキ,シフォン,ケーキ,,,,
1635,7237,348,ロールケーキ,ケーキ,,,,,
1636,7397,347,抹茶ロールケーキ,抹茶,ケーキ,,,,
1637,7396,57,ココアロールケーキ,ココア,ケーキ,,,,
1638,7243,346,マドレーヌ,マドレーヌ,,,,,
1639,7242,345,カステラ,カステラ,,,,,
1640,7398,344,抹茶カステラ,抹茶,カステラ,,,,
1641,7399,343,ゆずカステラ,ゆず,カステラ,,,,
1642,7252,342,シュークリーム,シュークリーム,,,,,
1643,103179,341,レンジで作るシュー,シュー,,,,,
1644,7254,340,エクレア,エクレア,,,,,
1645,7257,35,スイートポテト,スイート,ポテト,,,,
1646,7245,339,クッキー,クッキー,,,,,
1647,7400,20,アメリカンクッキー,アメリカン,クッキー,,,,
1648,7232,34,アップルパイ,アップルパイ,,,,,
1649,7251,105,カスタードプディング,カスタード,プディング,,,,
1650,7262,7,焼きいも,焼きいも,,,,,
1651,7263,337,ふかしいも,ふかしいも,,,,,
1652,7250,5,蒸しプリン,プリン,,,,,
1653,7266,335,わらびもち,わらび,もち,,,,
1654,7264,65,いちご大福,いちご,大福,,,,
1655,7260,334,いちごジャム,いちご,ジャム,,,,
1656,7261,22,りんごの甘煮,りんご,,,,,
1657,7253,333,カスタードクリーム,カスタード,,,,,
1658,7225,50,手作りピザ<br/>（ソフト生地）,ピザ,ソフト生地,,,,
1659,7226,332,トマトソース,トマト,ソース,,,,
1660,7227,331,クリスピーピザ,クリスピー,ピザ,,,,
1661,7388,330,マスタードピザ,マスタード,ピザ,,,,
1662,7268,329,フランスパン<br/>（バゲット）,フランスパン,バゲット,,,,
1663,7389,328,ごまごまフランスパン,ごまごま,フランスパン,,,,
1664,7390,327,くるみのブール,くるみ,ブール,,,,
1665,7391,326,チーズプチパン,チーズ,プチパン,,,,
1666,7272,325,山形食パン,山形,食パン,,,,
1667,7392,324,紅茶の食パン,紅茶,食パン,,,,
1668,7393,323,クランベリーの食パン,クランベリー,食パン,,,,
1669,7271,322,バターロール,バター,,,,,
1670,7394,321,カレーチーズパン,カレー,チーズ,パン,,,
1671,7401,1,トースト,トースト,,,,,
1672,7269,320,フランスパン<br/>（ブール）,フランスパン,ブール,,,,
1673,7270,319,フランスパン<br/>（プチパン）,フランスパン,プチパン,,,,
1674,7402,318,冷凍トースト,冷凍,トースト,,,,
1675,7007,317,豆腐を水切りする,豆腐,水切り,,,,
1676,7011,316,にんにくの臭みを抜く,にんにく,臭み,,,,
1677,7012,314,アイスクリームを<br/>柔らかく,アイスクリーム,柔らかく,,,,
1678,7009,312,チョコレートを溶かす,チョコレート,,,,,
1679,7008,308,50℃のお湯に沸かす,50℃,沸かす,,,,
1680,7010,307,めんつゆを作る,めんつゆ,,,,,
1681,7198,306,鶏の酒蒸し,鶏,酒蒸し,,,,
1682,7445,304,キャベツと<br/>きのこのサラダ,キャベツ,きのこ,サラダ,,,
1683,7446,26,かぼちゃのマヨあえ,かぼちゃ,マヨ,,,,
1684,7447,10,ポテトサラダ,ポテト,サラダ,,,,
1685,7273,51,漁師の具だくさんスープ,漁師,スープ,,,,
1686,7274,303,えびと蒸し野菜の<br/>サルサソース,えび,サルサ,ソース,,,
1687,7275,302,えびだんごと長いもの煮物,えび,だんご,長いも,,,
1688,7277,300,あじと枝豆の焼き寿司,あじ,枝豆,寿司,,,
1689,7278,17,スパニッシュ・オムレツ,スパニッシュ,オムレツ,,,,
1690,7280,299,なすとハムの<br/>重ね焼きグラタン,なす,ハム,重ね焼き,グラタン,,
1691,7279,298,豚肉の野菜巻き,豚肉,,,,,
1692,7085,53,たらとポテトの<br/>クリームグラタン,たら,ポテト,グラタン,,,
1693,7074,297,いわしとトマトの重ね焼き,いわし,トマト,重ね焼き,,,
1694,7281,159,クリスピーロールカツ,クリスピー,,,,,
1695,7285,296,野菜とコンビーフの<br/>チーズ煮,コンビーフ,チーズ,,,,
1696,7283,295,なすと豚肉の重ね焼き,なす,豚肉,重ね焼き,,,
1697,7063,158,豚とりんごのレモン焼き,りんご,レモン,,,,
1698,7284,47,サクサク<br/>かぼちゃコロッケ,かぼちゃコロッケ,,,,,
1699,7194,294,クイック・<br/>ローストビーフ,クイック,ローストビーフ,,,,
1700,7286,292,白身魚のソテー<br/>野菜添え,白身魚,ソテー,,,,
1701,7048,143,ラタトゥイユ,ラタトゥイユ,,,,,
1702,7287,149,魚介の蒸しサラダ,魚介,サラダ,,,,
1703,7288,69,えびの香草グリル,えび,香草,,,,
1704,7080,9,チーズカツレツ,チーズ,カツレツ,,,,
1705,7289,291,バーニャカウダ風<br/>焼き野菜,バーニャカウダ,,,,,
1706,7070,290,こんがりミートローフ,こんがり,ミート,,,,
1707,7290,289,サーモン・<br/>ライスコロッケ,サーモン,ライス,コロッケ,,,
1708,7291,288,豚肉と豆の<br/>スープ蒸し焼き,豚肉,スープ,蒸し焼き,,,
1709,7084,287,なすのツナ入り<br/>ボートグラタン,なす,ツナ,ボート,グラタン,,
1710,7294,286,牛肉ときのこの<br/>オープンパイ,牛肉,きのこ,オープンパイ,,,
1711,7296,18,アマトリチャーナ,アマトリチャーナ,,,,,
1712,7297,285,ハムときのこの<br/>クリームパスタ,ハム,きのこ,パスタ,,,
1713,7073,284,豆腐バーグ<br/>きのこあんかけ,豆腐,バーグ,きのこ,あんかけ,,
1714,7197,146,さけの紙包み蒸し<br/>ちゃんちゃん風,さけ,紙包み蒸し,ちゃんちゃん,,,
1715,7049,283,鶏と根菜のうま煮,鶏,,,,,
1716,7065,282,豚肉のみそ漬焼き,豚肉,みそ漬焼き,,,,
1717,7298,281,さけの<br/>なめたけあんかけ,さけ,なめたけ,あんかけ,,,
1718,7050,280,豚と水菜の煮物,水菜,,,,,
1719,7083,279,なすの揚げ浸し,なす,揚げ浸し,,,,
1720,7299,278,ふろふき大根,ふろふき,大根,,,,
1721,7300,276,豚の酢じょうゆ炒め,酢じょうゆ,,,,,
1722,7301,275,お月見つくね,月見,つくね,,,,
1723,7302,167,ゴーヤチャンプル,ゴーヤ,チャンプル,,,,
1724,7081,45,ごまごまから揚げ,ごまごま,から揚げ,,,,
1725,7241,244,デコ蒸しパン,デコ,蒸しパン,,,,
1726,7230,239,クリスマスツリーピザ,クリスマスツリー,ピザ,,,,
1727,7244,238,ケーキポップ,ケーキ,ポップ,,,,
1728,7247,237,お絵かきクッキー,お絵かき,クッキー,,,,
1729,7258,236,ニコニコおいもの<br/>やきプリン,ニコニコ,いも,プリン,,,
1730,7276,235,牛肉とかぼちゃの<br/>スパイス煮,牛肉,かぼちゃ,,,,
1731,7239,234,クイック・シュトーレン,クイック,シュトーレン,,,,
1732,7292,231,にんじんの<br/>リゾット風ごはん,にんじん,リゾット,ごはん,,,
1733,7293,230,セロリと鶏肉の<br/>洋風煮込み,セロリ,鶏肉,,,,
1734,7295,229,えび入りラヴィオリ,えび,ラヴィオリ,,,,
1735,7002,1062,もちを焼く,もち,,,,,
1736,7087,1063,アボカドグラタン,アボカド,グラタン,,,,
1737,7072,1064,れんこんハンバーグ,れんこん,ハンバーグ,,,,
1738,7025,1100,えびと野菜の<br/>ペペロンチーノ,えび,ペペロンチーノ,,,,
1739,7026,1103,カルボナーラ,カルボナーラ,,,,,
1740,7027,1104,鶏と青菜の梅パスタ,鶏,青菜,パスタ,,,
1741,7030,1106,ナポリタン,ナポリタン,,,,,
1742,7346,1107,えびとトマトの<br/>サラダパスタ,えび,トマト,サラダ,パスタ,,
1743,7046,1109,クリームシチュー,シチュー,,,,,
1744,7047,1110,ハヤシライスソース,ハヤシ,ライス,ソース,,,
1745,7458,1111,鶏のもも焼き,鶏,もも焼き,,,,
1746,7005,1112,フライドポテト,フライド,ポテト,,,,
1747,7436,1115,さばのかんたんみそ煮,さば,みそ,,,,
1748,7435,1116,えびと野菜のマリネ,えび,マリネ,,,,
1749,7434,1117,きゅうりの漬け物,きゅうり,漬け物,,,,
1750,7433,1098,鶏ハム,鶏,ハム,,,,
1751,7403,1118,スチームトースト,スチーム,トースト,,,,
1752,7028,1108,きのこの<br/>白みそパスタ,きのこ,白みそ,パスタ,,,
1753,7303,273,ほたてのXO醤炒め,ほたて,XO醤,,,,
1754,7051,272,かにとかぶの中華煮,かに,かぶ,中華,,,
1755,7031,271,麻婆なす,麻婆,なす,,,,
1756,7304,270,豚肉の黒酢蒸し焼き,豚肉,黒酢,蒸し焼き,,,
1757,7305,269,パプリカのえびミンチ詰め,パプリカ,えび,ミンチ,,,
1758,7082,144,えびのマヨネーズソース,えび,マヨネーズ,ソース,,,
1759,7064,80,豚肉の黒こしょう焼き,豚肉,黒こしょう焼き,,,,
1760,7186,267,にらまんじゅう,にら,まんじゅう,,,,
1761,7192,266,彩りしゅうまい,しゅうまい,,,,,
1762,7308,265,牛肉とエリンギの<br/>こしょうぎょうざ,牛肉,エリンギ,こしょう,ぎょうざ,,
1763,7309,151,ナシゴレン,ナシゴレン,,,,,
1764,7310,145,インドネシア風串焼き,インドネシア,串焼き,,,,
1765,7311,264,蒸し焼きビビンバ,蒸し焼き,ビビンバ,,,,
1766,7312,263,ベトナム風焼き春巻き,ベトナム,春巻き,,,,
1767,7061,262,プルコギ,プルコギ,,,,,
1768,7314,260,鶏の辛味炒め</br>(ダッカルビ),鶏,辛味,ダッカルビ,,,
1769,7315,156,チャプチェ,チャプチェ,,,,,
1770,7316,259,魚介とかぼちゃの<br/>クリーム蒸し,魚介,かぼちゃ,クリーム蒸し,,,
1771,7317,78,にんじんラペのココット,にんじん,ココット,ラペ,,,
1772,7200,258,きのこのとろーりチーズ蒸し,きのこ,チーズ,,,,
1773,7267,19,フレンチシナモントースト,フレンチ,シナモン,トースト,,,
1774,7210,161,豆とひき肉のチリ風味丼,ひき肉,チリ,,,,
1775,7320,256,うどんの焼きボナーラ,うどん,焼きボナーラ,,,,
1776,7322,122,エスニック蒸し焼きそば,エスニック蒸し,焼きそば,,,,
1777,7323,157,和風ドライカレー,カレー,,,,,
1778,7211,123,牛ロースのみそ炒め丼,牛ロース,みそ,,,,
1779,7324,124,ゆずこしょう<br/>そうめんチャンプル,ゆずこしょう,そうめん,チャンプル,,,
1780,7325,255,シーフードの香草パン粉焼き,シーフード,香草,パン粉焼き,,,
1781,7195,253,ソーセージ,ソーセージ,,,,,
1782,7326,252,たいと小松菜の蒸し物,たい,小松菜,蒸し物,,,
1783,7327,251,春雨のピリ辛蒸し,春雨,ピリ辛蒸し,,,,
1784,7328,250,白菜と豚肉の重ね煮,白菜,豚肉,,,,
1785,7329,249,鶏の西京焼き,鶏,西京焼き,,,,
1786,7201,248,ふんわりお好み焼き,お好み焼き,,,,,
1787,7330,92,きのことほたての<br/>わさび風味,きのこ,ほたて,わさび,,,
1788,7331,247,なすといかの<br/>しょうがソース,なす,いか,しょうが,ソース,,
1789,7332,246,スコーン・ケーキ,スコーン,ケーキ,,,,
1790,7333,245,なめらかプリン,なめらか,プリン,,,,
1791,7259,152,フルーツのおもちロール,フルーツ,もち,,,,
1792,7318,228,じゃがいもと<br/>牛肉のレモンバター煮,じゃがいも,牛肉,レモン,バター,,
1793,7319,227,セサミ・スティック,セサミ,スティック,,,,
1794,7240,226,ポテトブレッド,ポテト,ブレッド,,,,
1795,7231,225,りんごのスナックピザ,りんご,スナック,ピザ,,,
1796,7180,1038,キムチとアボカドのカツ,キムチ,アボカド,カツ,,,
1797,7213,1039,トマトのオイル蒸し,トマト,オイル蒸し,,,,
1798,7334,1040,豚肉のロールステーキ,豚肉,ステーキ,,,,
1799,7181,1041,チキンナゲット,チキン,ナゲット,,,,
1800,7335,1042,エッグスラット,エッグスラット,,,,,
1801,7182,1043,彩りチキン,チキン,,,,,
1802,7336,1044,蒸しいかだんご,蒸しいか,だんご,,,,
1803,7183,1045,さけ焼きうどん,さけ,焼きうどん,,,,
1804,7337,1046,かんたん大根もち,大根,もち,,,,
1805,7338,1047,さけのスパイシー照り焼き,さけ,照り焼き,,,,
1806,7339,1048,手羽先となすの南蛮漬け,手羽先,なす,南蛮漬け,,,
1807,7184,1049,ガーリックシュリンプ,ガーリック,シュリンプ,,,,
1808,7185,1050,アスパラの肉巻き,アスパラ,肉巻き,,,,
1809,7340,1051,鶏のたらこマヨネーズ焼き,鶏,たらこ,マヨネーズ,,,
1810,7342,1052,いかとセロリの蒸し物,いか,セロリ,蒸し物,,,
1811,7343,1053,さけの塩こうじ蒸し,さけ,こうじ,,,,
1812,7249,1054,かんたんバナナスコーン,バナナ,スコーン,,,,
1813,7344,1055,パン耳フレンチトースト,パン耳,フレンチ,トースト,,,
1814,7265,1056,黒豆もちもち,黒豆,もち,もち,,,
1815,7345,1057,いもまんじゅう,いも,まんじゅう,,,,
1816,7404,1059,ドライフルーツ（りんご）,フルーツ,りんご,,,,
1817,7409,1060,ドライハーブ（パセリ）,ハーブ,パセリ,,,,
1818,7306,1065,サンラータン,サンラータン,,,,,
1819,7307,1066,手羽と野菜の中華煮,手羽,中華,,,,
1820,7189,1067,えび蒸しぎょうざ,えび蒸し,ぎょうざ,,,,
1821,7313,1068,シーフードの変わり揚げ,シーフード,変わり揚げ,,,,
1822,7321,1080,キーマカレー,キーマ,カレー,,,,
1823,7212,1069,えびのアヒージョ,えび,アヒージョ,,,,
1824,7341,1070,かぶの豚巻き蒸し,かぶ,豚巻き蒸し,,,,
1825,7405,1071,ドライフルーツ（キウイ）,フルーツ,キウイ,,,,
1826,7406,1072,ドライフルーツ（バナナ）,フルーツ,バナナ,,,,
1827,7407,1073,ドライフルーツ（パイナップル）,フルーツ,パイナップル,,,,
1828,7408,1074,ドライフルーツ（プチトマト）,フルーツ,トマト,,,,
1829,7410,1075,ドライハーブ（青じそ）,ハーブ,青じそ,,,,
1830,7411,1076,ドライハーブ（セロリの葉）,ハーブ,セロリ,,,,
1831,7412,1077,ドライハーブ（オレガノ）,ハーブ,オレガノ,,,,
1832,7413,1078,ドライハーブ（タイム）,ハーブ,タイム,,,,
1833,7414,1079,ドライハーブ（ローズマリー）,ハーブ,ローズマリー,,,,
1834,7351,355,おかゆ（米から）,おかゆ,米,,,,
1835,7209,1119,おかゆ（ごはんから）,おかゆ,ごはん,,,,
1836,7077,1120,油淋鶏（ユーリンチー）,油淋鶏,ユーリンチー,,,,
1837,7067,1121,タンドリーチキン,タンドリー,チキン,,,,
1838,7069,1154,ミートローフ,ミート,,,,,
1839,7246,1122,カントリークッキー,カントリー,クッキー,,,,
1840,7248,1123,アメリカンスコーン,アメリカン,スコーン,,,,
1841,7255,1124,カップチーズケーキ,チーズ,ケーキ,,,,
1842,7233,1125,アップルケーキ,アップル,ケーキ,,,,
1843,7256,1126,ガトーショコラ,ガトーショコラ,,,,,
1844,7453,1127,スペアリブ（塩）,スペアリブ,,,,,
1845,7421,1128,ポテトチーズおやき（離乳食：完了期１歳～）,ポテト,チーズ,おやき,離乳食,,
1846,7422,1129,野菜うどん（離乳食：完了期1歳～）,うどん,離乳食,1歳～,,,
1847,7423,1130,まぐろの照り焼き風（離乳食：完了期1歳～）,まぐろ,照り焼き,離乳食,1歳～,,
1848,7424,1131,スティック野菜（離乳食：後期９～１１ヶ月）,スティック,離乳食,,,,
1849,7425,1132,豆腐とひじきのつくね（離乳食：後期9～11か月）,豆腐,ひじき,つくね,離乳食,,
1850,7426,1133,野菜蒸しパン（離乳食：後期9～11ヶ月）,蒸しパン,離乳食,,,,
1851,7431,1134,１０倍がゆ（離乳食：初期5～6か月）,10倍,離乳食,,,,
1852,7430,1135,白身魚のすり流し（離乳食：初期5～6ヶ月）,白身魚,すり流し,離乳食,5～6ヶ月,,
1853,7432,1136,にんじんマッシュ（離乳食：初期5～6か月）,にんじん,離乳食,マッシュ,,,
1854,7427,1137,かぼちゃ入りパンがゆ（離乳食：中期7～8か月）,かぼちゃ,パン,離乳食,,,
1855,7428,1138,オムレツ（離乳食：中期7～8か月）,オムレツ,離乳食,,,,
1856,7429,1139,さつまいも茶巾（離乳食：中期7～8か月）,さつまいも,茶巾,離乳食,,,
1857,7097,1140,手羽先焼き（冷凍）,手羽先焼き,冷凍,,,,
1858,7455,1141,豚バラグリル,豚バラ,,,,,
1859,7454,1142,ラムチョップ,ラムチョップ,,,,,
1860,7448,1143,にんじんゼリー,にんじん,ゼリー,,,,
1861,7449,1144,かぼちゃスープ,かぼちゃ,スープ,,,,
1862,7450,1145,ほうれん草のカップシフォンケーキ,ほうれん草,カップシフォン,ケーキ,,,
1863,7006,1146,ステーキを焼く,ステーキ,,,,,
1864,7003,1147,とうもろこしをゆでる,とうもろこし,,,,,
1865,7004,1148,栗を蒸す,蒸す,,,,,
1866,7452,1149,切干大根と揚げの煮物,切干,大根,,,,
1867,7451,1150,ひじきの煮物,ひじき,,,,,
1868,7096,1151,手羽先焼き,手羽先,,,,,
1869,7099,1152,鶏の塩焼き(冷凍),鶏,冷凍,,,,
1870,7129,1153,さんまの塩焼き（冷凍）,さんま,冷凍,,,,
1871,7029,1105,あさりの<br/>ゆずこしょうパスタ,あさり,ゆずこしょう,パスタ,,,
1872,7034,1211,えびのチリソース,えび,チリ,ソース,,,
1873,7191,462,手作りぎょうざ,ぎょうざ,,,,,
1874,7041,1212,牛肉ときのこのクリーム煮,牛肉,きのこ,,,,
1875,7042,1213,豚肉のマスタードソース,豚肉,マスタード,ソース,,,
1876,7043,1214,鶏肉のバスク風,鶏肉,バスク,,,,
1877,7044,1215,キッシュ風オムレツ,キッシュ,オムレツ,,,,
1878,7039,1216,さけのクリーム煮,さけ,,,,,
1879,7040,1217,たらのプロヴァンス風,たら,プロヴァンス,,,,
1880,7038,1218,かに玉,かに玉,,,,,
1881,7037,1219,酢豚,酢豚,,,,,
1882,7036,1220,回鍋肉（ホイコーロウ）,回鍋肉,ホイコーロウ,,,,
1883,7035,1221,八宝菜,八宝菜,,,,,
1884,7033,1222,麻婆豆腐,麻婆,豆腐,,,,
1885,7142,1236,塩ざけ（減塩）,ざけ,,,,,
1886,7146,1237,あじの開き（減塩）,あじ,開き,,,,
1887,7147,1240,あじの開き（冷凍･減塩）,あじ,開き,冷凍,,,
1888,7143,1238,塩ざけ（冷凍・減塩）,ざけ,冷凍,,,,
1889,7132,1235,塩さば（減塩）,さば,,,,,
1890,7133,1239,塩さば（冷凍･減塩）,さば,冷凍,,,,
1891,7437,1223,白みそ,白みそ,,,,,
1892,7438,1224,塩こうじ,こうじ,,,,,
1893,7439,1225,ヨーグルト,ヨーグルト,,,,,
1894,7441,1226,さけの甘酒漬焼き,さけ,甘酒,漬焼き,,,
1895,7442,1227,さわらの甘酒漬焼き,さわら,甘酒,漬焼き,,,
1896,7443,1228,甘酒フレンチトースト,甘酒,フレンチ,トースト,,,
1897,7444,1229,甘酒蒸しパン,甘酒,蒸しパン,,,,
1898,7440,1230,甘酒,甘酒,,,,,
1899,7032,1231,たらと野菜の中華丼,たら,中華,,,,
1900,7062,1232,牛ステーキのトマトのせ,トマト,ステーキ,,,,
1901,7282,1233,豚肉のマスタードクリーム煮,豚肉,マスタードクリーム,,,,
