材料-魚介	サケ_属性	色
材料-魚介	サケ_属性	水気
材料-魚介	サケ_属性	塩加減
材料-魚介	サケ_属性	水分
材料-魚介	サケ_属性	塩味
材料-魚介	サケ_属性	塩気
材料-魚介	サケ_属性	汁気
材料-魚介	サケ_属性	塩分
材料-魚介	サケ_属性	脂
材料-魚介	サケ_属性	味
材料-魚介	サケ_属性	焦げ目
材料-魚介	サケ_属性	臭み
材料-魚介	サケ_属性	香り
材料-魚介	イワシ_属性	水気
材料-魚介	イワシ_属性	水分
材料-魚介	イワシ_属性	油
材料-魚介	イワシ_属性	オイル
材料-魚介	イワシ_属性	塩味
材料-魚介	イワシ_属性	塩加減
材料-魚介	イワシ_属性	臭み
材料-魚介	イワシ_属性	色
材料-魚介	サバ_属性	水気
材料-魚介	サバ_属性	色
材料-魚介	サバ_属性	臭み
材料-魚介	サバ_属性	水分
材料-魚介	サバ_属性	生臭み
材料-魚介	サバ_属性	パサつき
材料-魚介	サバ_属性	厚み
材料-魚介	サバ_属性	汁気
材料-魚介	サバ_属性	油
材料-魚介	サバ_属性	塩加減
材料-魚介	サバ_属性	サイズ
材料-魚介	サバ_属性	切れ目
材料-魚介	サバ_属性	食感
材料-魚介	サバ_属性	薄切り
材料-魚介	サバ_属性	輪切り
材料-魚介	鯵_属性	水気
材料-魚介	鯵_属性	水分
材料-魚介	鯵_属性	油
材料-魚介	鯵_属性	幅
材料-魚介	鯵_属性	水け
材料-魚介	鯵_属性	熱
材料-魚介	鯵_属性	余熱
材料-魚介	鯵_属性	汁気
材料-魚介	鯵_属性	色
材料-魚介	ブリ_属性	水気
材料-魚介	ブリ_属性	臭み
材料-魚介	ブリ_属性	汁気
材料-魚介	ブリ_属性	水分
材料-魚介	ブリ_属性	色
材料-魚介	ブリ_属性	汚れ
材料-魚介	ブリ_属性	脂
材料-魚介	ブリ_属性	焼き目
材料-魚介	ブリ_属性	うまみ
材料-魚介	ブリ_属性	旨味
材料-魚介	ブリ_属性	大きめ
材料-魚介	ブリ_属性	薄切り
材料-魚介	秋刀魚_属性	水気
材料-魚介	秋刀魚_属性	水分
材料-魚介	秋刀魚_属性	汁気
材料-魚介	秋刀魚_属性	水け
材料-魚介	秋刀魚_属性	汁
材料-魚介	秋刀魚_属性	幅
材料-魚介	秋刀魚_属性	下味
材料-魚介	秋刀魚_属性	塩味
材料-魚介	秋刀魚_属性	切り込み
材料-魚介	秋刀魚_属性	サイズ
材料-魚介	秋刀魚_属性	塩分
材料-魚介	タイ_属性	水気
材料-魚介	タイ_属性	旨味
材料-魚介	タイ_属性	色
材料-魚介	タイ_属性	パサつき
材料-魚介	タイ_属性	切れ目
材料-魚介	マグロ_属性	油
材料-魚介	マグロ_属性	オイル
材料-魚介	マグロ_属性	汁
材料-魚介	マグロ_属性	水気
材料-魚介	マグロ_属性	塩気
材料-魚介	マグロ_属性	汁気
材料-魚介	マグロ_属性	油分
材料-魚介	マグロ_属性	水分
材料-魚介	マグロ_属性	味
材料-魚介	マグロ_属性	色
材料-魚介	マグロ_属性	塩分
材料-魚介	マグロ_属性	脂
材料-魚介	マグロ_属性	脂肪分
材料-魚介	マグロ_属性	香り
材料-魚介	マグロ_属性	量
材料-魚介	マグロ_属性	赤み
材料-魚介	マグロ_属性	脂肪
材料-魚介	マグロ_属性	ぶつ切り
材料-魚介	マグロ_属性	ブツ切り
材料-魚介	マグロ_属性	薄切り
材料-魚介	マグロ_属性	角切り
材料-魚介	カレイ_属性	水気
材料-魚介	カレイ_属性	水分
材料-魚介	カレイ_属性	ヌメリ
材料-魚介	カレイ_属性	灰汁
材料-魚介	カレイ_属性	子供
材料-魚介	カレイ_属性	ぬめり
材料-魚介	カレイ_属性	種類
材料-魚介	カレイ_属性	切れ目
材料-魚介	カレイ_属性	汁気
材料-魚介	カレイ_属性	色
材料-魚介	ワカサギ_属性	水気
材料-魚介	ワカサギ_属性	汁気
材料-魚介	鱈_属性	水気
材料-魚介	鱈_属性	水分
材料-魚介	鱈_属性	ゼラチン質
材料-魚介	鱈_属性	色
材料-魚介	鱈_属性	あく
材料-魚介	鱈_属性	水け
材料-魚介	鱈_属性	塩気
材料-魚介	鱈_属性	臭み
材料-魚介	鱈_属性	汁
材料-魚介	鱈_属性	味
材料-魚介	鱈_属性	ぶつ切り
材料-魚介	鰆_属性	水分
材料-魚介	鰆_属性	量
材料-魚介	鰆_属性	汁気
材料-魚介	鰆_属性	水気
材料-魚介	きす_属性	水気
材料-魚介	鰹_属性	水気
材料-魚介	鰹_属性	熱
材料-魚介	鰹_属性	汁気
材料-魚介	鰹_属性	風味
材料-魚介	鰹_属性	香り
材料-魚介	鰹_属性	味
材料-魚介	鰹_属性	水分
材料-魚介	鰹_属性	スライス
材料-魚介	かじき_属性	水気
材料-魚介	かじき_属性	水分
材料-魚介	かじき_属性	汁け
材料-魚介	かじき_属性	汁気
材料-魚介	かじき_属性	色
材料-魚介	あかうお_属性	水分
材料-魚介	あかうお_属性	水気
材料-魚介	ほっけ_属性	塩加減
材料-魚介	ほっけ_属性	厚み
材料-魚介	しらす_属性	塩分
材料-魚介	しらす_属性	塩味
材料-魚介	しらす_属性	なめらか柔らか食感
材料-魚介	しらす_属性	塩気
材料-魚介	しらす_属性	水分
材料-魚介	しらす_属性	歯ごたえ
材料-魚介	しらす_属性	塩加減
材料-魚介	しらす_属性	旨味
材料-魚介	しらす_属性	状態
材料-魚介	しらす_属性	色
材料-魚介	しらす_属性	量
材料-魚介	ししゃも_属性	産地
材料-魚介	ししゃも_属性	水分
材料-魚介	ししゃも_属性	状態
材料-魚介	あんこう_属性	水気
材料-魚介	アナゴ_属性	ヌルヌル
材料-魚介	アナゴ_属性	ぬめり
材料-魚介	アナゴ_属性	味
材料-魚介	きんめだい_属性	塩加減
材料-魚介	きんめだい_属性	旨味
材料-魚介	きんめだい_属性	甘み
材料-魚介	きんめだい_属性	色
材料-魚介	エビ_属性	色
材料-魚介	エビ_属性	水気
材料-魚介	エビ_属性	水分
材料-魚介	エビ_属性	香り
材料-魚介	エビ_属性	汚れ
材料-魚介	エビ_属性	旨味
材料-魚介	エビ_属性	風味
材料-魚介	エビ_属性	エキス
材料-魚介	エビ_属性	旨み
材料-魚介	エビ_属性	食感
材料-魚介	エビ_属性	粗熱
材料-魚介	エビ_属性	汁気
材料-魚介	エビ_属性	プリプリ感
材料-魚介	エビ_属性	粗みじん
材料-魚介	エビ_属性	形
材料-魚介	エビ_属性	油
材料-魚介	エビ_属性	量
材料-魚介	イカ_属性	色
材料-魚介	イカ_属性	姿
材料-魚介	イカ_属性	汁気
材料-魚介	イカ_属性	水気
材料-魚介	イカ_属性	水分
材料-魚介	イカ_属性	旨み
材料-魚介	イカ_属性	透明感
材料-魚介	イカ_属性	臭い
材料-魚介	イカ_属性	輪切り
材料-魚介	タコ_属性	ぶつ切り
材料-魚介	タコ_属性	ヌメリ
材料-魚介	タコ_属性	柔らか
材料-魚介	タコ_属性	薄切り
材料-魚介	タコ_属性	旨み
材料-魚介	タコ_属性	粒々食感
材料-魚介	タコ_属性	色
材料-魚介	タコ_属性	触感
材料-魚介	タコ_属性	ぬめり
材料-魚介	タコ_属性	うまみ
材料-魚介	タコ_属性	水分
材料-魚介	タコ_属性	汚れ
材料-魚介	タコ_属性	エキス
材料-魚介	タコ_属性	荒熱
材料-魚介	タコ_属性	塩分
材料-魚介	タコ_属性	汁気
材料-魚介	タコ_属性	味
材料-魚介	タコ_属性	形
材料-魚介	あさり_属性	汁
材料-魚介	あさり_属性	水気
材料-魚介	あさり_属性	量
材料-魚介	あさり_属性	うま汁
材料-魚介	あさり_属性	うまみ
材料-魚介	あさり_属性	サイズ
材料-魚介	あさり_属性	風味
材料-魚介	あさり_属性	粗熱
材料-魚介	帆立貝_属性	汁
材料-魚介	帆立貝_属性	水気
材料-魚介	帆立貝_属性	うまみ
材料-魚介	帆立貝_属性	色
材料-魚介	帆立貝_属性	旨味
材料-魚介	帆立貝_属性	水分
材料-魚介	帆立貝_属性	厚み
材料-魚介	帆立貝_属性	甘み
材料-魚介	帆立貝_属性	薄切り
材料-魚介	しじみ_属性	エキス
材料-魚介	アワビ_属性	切り目
材料-魚介	アワビ_属性	そぎ切り
材料-魚介	カキ_属性	汚れ
材料-魚介	カキ_属性	水気
材料-魚介	カキ_属性	エキス
材料-魚介	カキ_属性	水分
材料-魚介	カキ_属性	汁
材料-魚介	カキ_属性	色
材料-魚介	カキ_属性	水け
材料-魚介	カキ_属性	臭み
材料-魚介	カキ_属性	風味
材料-魚介	カキ_属性	旨み成分
材料-魚介	カキ_属性	ぬめり
材料-魚介	カキ_属性	形
材料-魚介	カキ_属性	におい
材料-魚介	かに_属性	味
材料-魚介	かに_属性	色
材料-魚介	かに_属性	うまみ
材料-魚介	かに_属性	エキス
材料-魚介	かに_属性	旨み
材料-魚介	かに_属性	旨味
材料-魚介	かに_属性	臭み
材料-魚介	かに_属性	匂い
材料-魚介	かに_属性	汁
材料-魚介	クラゲ_属性	水気
材料-魚介	ウニ_属性	風味
材料-魚介	ウニ_属性	塩分
材料-魚介	ウニ_属性	味
材料-魚介	なまこ_属性	ぬめり
材料-魚介	なまこ_属性	形
材料-魚介	なまこ_属性	量
材料-魚介	アユ_属性	味
材料-魚介	アユ_属性	水気
材料-魚介	イカナゴ_属性	水け
材料-魚介	イカナゴ_属性	水気
材料-魚介	サメ_属性	一口サイズ
材料-魚介	サメ_属性	水分
材料-魚介	サメ_属性	水気
材料-魚介	トビウオ_属性	子供
材料-魚介	ニシン_属性	臭み
材料-魚介	ニシン_属性	切り込み
材料-魚介	ニシン_属性	塩分
材料-魚介	ニシン_属性	量
材料-魚介	ハタハタ_属性	油
材料-魚介	ハモ_属性	色
材料-魚介	ハモ_属性	水気
材料-魚介	ヒラメ_属性	水気
材料-魚介	ヒラメ_属性	水分
材料-肉	牛肉_属性	色
材料-肉	牛肉_属性	細切れ
材料-肉	牛肉_属性	薄切り
材料-肉	牛肉_属性	脂
材料-肉	牛肉_属性	赤み
材料-肉	牛肉_属性	アク
材料-肉	牛肉_属性	こま切れ
材料-肉	牛肉_属性	焼き色
材料-肉	牛肉_属性	旨味
材料-肉	牛肉_属性	水分
材料-肉	牛肉_属性	油
材料-肉	牛肉_属性	幅
材料-肉	牛肉_属性	みじん切り
材料-肉	牛肉_属性	うまみ
材料-肉	牛肉_属性	旨み
材料-肉	牛肉_属性	模様
材料-肉	牛肉_属性	角切り
材料-肉	豚肉_属性	色
材料-肉	豚肉_属性	脂
材料-肉	豚肉_属性	油
材料-肉	豚肉_属性	薄切り
材料-肉	豚肉_属性	幅
材料-肉	豚肉_属性	細切れ
材料-肉	豚肉_属性	スライス
材料-肉	豚肉_属性	アク
材料-肉	豚肉_属性	赤み
材料-肉	豚肉_属性	汁気
材料-肉	豚肉_属性	水分
材料-肉	豚肉_属性	水気
材料-肉	豚肉_属性	こま切れ
材料-肉	豚肉_属性	下味
材料-肉	豚肉_属性	大きめ
材料-肉	豚肉_属性	旨味
材料-肉	豚肉_属性	細切り
材料-肉	豚肉_属性	小間切れ
材料-肉	豚肉_属性	切れ目
材料-肉	豚肉_属性	厚切り
材料-肉	豚肉_属性	あく
材料-肉	豚肉_属性	みじん切り
材料-肉	豚肉_属性	エキス
材料-肉	豚肉_属性	旨み
材料-肉	豚肉_属性	塩分
材料-肉	豚肉_属性	角切り
材料-肉	豚肉_属性	量
材料-肉	豚肉_属性	塩気
材料-肉	鳥肉_属性	色
材料-肉	鳥肉_属性	脂
材料-肉	鳥肉_属性	油
材料-肉	鳥肉_属性	水気
材料-肉	鳥肉_属性	水分
材料-肉	鳥肉_属性	汁気
材料-肉	鳥肉_属性	厚み
材料-肉	鳥肉_属性	臭み
材料-肉	鳥肉_属性	汁
材料-肉	鳥肉_属性	エキス
材料-肉	鳥肉_属性	粗熱
材料-肉	鳥肉_属性	旨味
材料-肉	鳥肉_属性	幅
材料-肉	鳥肉_属性	脂肪
材料-肉	鳥肉_属性	旨み
材料-肉	鳥肉_属性	肉汁
材料-肉	鳥肉_属性	香り
材料-肉	鳥肉_属性	味
材料-肉	鳥肉_属性	スライス
材料-肉	鳥肉_属性	熱
材料-肉	鳥肉_属性	一口大
材料-肉	鳥肉_属性	量
材料-肉	鳥肉_属性	ハーフカット
材料-肉	鳥肉_属性	ブツブツ
材料-肉	鳥肉_属性	パサつき
材料-肉	鳥肉_属性	灰汁
材料-肉	鳥肉_属性	臭い
材料-肉	鳥肉_属性	うまみ
材料-肉	鳥肉_属性	汁け
材料-肉	鳥肉_属性	あら熱
材料-肉	鳥肉_属性	下味
材料-肉	鳥肉_属性	塩加減
材料-肉	鳥肉_属性	アク
材料-肉	鳥肉_属性	汚れ
材料-肉	鳥肉_属性	形
材料-肉	挽肉_属性	色
材料-肉	挽肉_属性	油
材料-肉	挽肉_属性	赤み
材料-肉	挽肉_属性	脂
材料-肉	挽肉_属性	姿
材料-肉	挽肉_属性	臭み
材料-肉	挽肉_属性	ツブツブ感
材料-肉	挽肉_属性	粒々感
材料-肉	挽肉_属性	量
材料-肉	挽肉_属性	粘り
材料-肉	挽肉_属性	生
材料-肉	挽肉_属性	冷凍
材料-肉	挽肉_属性	アク
材料-肉	挽肉_属性	匂い
材料-肉	挽肉_属性	旨味
材料-肉	挽肉_属性	加減
材料-肉	挽肉_属性	様子
材料-肉	挽肉_属性	状態
材料-肉	挽肉_属性	味
材料-肉	挽肉_属性	水気
材料-肉	ウインナー_属性	輪切り
材料-肉	ウインナー_属性	油
材料-肉	ウインナー_属性	塩気
材料-肉	ウインナー_属性	切れ目
材料-肉	ウインナー_属性	みじん切り
材料-肉	ウインナー_属性	塩分
材料-肉	ウインナー_属性	旨み
材料-肉	ウインナー_属性	粗熱
材料-肉	ウインナー_属性	味付け
材料-肉	ウインナー_属性	普通サイズ
材料-肉	ウインナー_属性	ウマミ
材料-肉	ウインナー_属性	斜め切り
材料-肉	ウインナー_属性	薄切り
材料-肉	ウインナー_属性	味
材料-肉	ウインナー_属性	商品名
材料-肉	ウインナー_属性	脂分
材料-肉	ウインナー_属性	お味
材料-肉	ウインナー_属性	飾り切り
材料-肉	ウインナー_属性	肉汁
材料-肉	ウインナー_属性	切れ込み
材料-肉	ウインナー_属性	旨味
材料-肉	ウインナー_属性	切り目
材料-肉	ウインナー_属性	種類
材料-肉	ウインナー_属性	香り
材料-肉	ウインナー_属性	細切り
材料-肉	ウインナー_属性	角切り
材料-肉	ウインナー_属性	量
材料-肉	ハム_属性	油
材料-肉	ハム_属性	脂
材料-肉	ハム_属性	幅
材料-肉	ハム_属性	塩気
材料-肉	ハム_属性	みじん切り
材料-肉	ハム_属性	塩分
材料-肉	ハム_属性	味
材料-肉	ハム_属性	色
材料-肉	ハム_属性	香り
材料-肉	ハム_属性	旨味
材料-肉	ハム_属性	塩味
材料-肉	ハム_属性	細切り
材料-肉	ハム_属性	塩加減
材料-肉	ハム_属性	千切り
材料-肉	ハム_属性	旨み
材料-肉	ハム_属性	うまみ
材料-肉	ハム_属性	横幅
材料-肉	ハム_属性	汁
材料-肉	ハム_属性	焼き色
材料-肉	ハム_属性	風味
材料-肉	ハム_属性	角切り
材料-肉	ハム_属性	量
材料-肉	ハム_属性	成分
材料-肉	ハム_属性	形
材料-肉	ハム_属性	スライス
材料-野菜	ニンジン_属性	千切り
材料-野菜	ニンジン_属性	水気
材料-野菜	ニンジン_属性	みじん切り
材料-野菜	ニンジン_属性	薄切り
材料-野菜	ニンジン_属性	細切り
材料-野菜	ニンジン_属性	水分
材料-野菜	ニンジン_属性	色
材料-野菜	ニンジン_属性	スライス
材料-野菜	ニンジン_属性	輪切り
材料-野菜	ニンジン_属性	荒熱
材料-野菜	ニンジン_属性	形
材料-野菜	ニンジン_属性	サイズ
材料-野菜	ニンジン_属性	粗熱
材料-野菜	ニンジン_属性	乱切り
材料-野菜	ニンジン_属性	半月切り
材料-野菜	ニンジン_属性	飾り切り
材料-野菜	ニンジン_属性	におい
材料-野菜	ニンジン_属性	量
材料-野菜	ニンジン_属性	甘み
材料-野菜	ニンジン_属性	風味
材料-野菜	ニンジン_属性	小口切り
材料-野菜	ニンジン_属性	香り
材料-野菜	玉葱_属性	みじん切り
材料-野菜	玉葱_属性	色
材料-野菜	玉葱_属性	スライス
材料-野菜	玉葱_属性	薄切り
材料-野菜	玉葱_属性	水気
材料-野菜	玉葱_属性	水分
材料-野菜	玉葱_属性	甘み
材料-野菜	玉葱_属性	辛味
材料-野菜	玉葱_属性	辛み
材料-野菜	玉葱_属性	食感
材料-野菜	玉葱_属性	粗熱
材料-野菜	玉葱_属性	甘味
材料-野菜	玉葱_属性	千切り
材料-野菜	玉葱_属性	みじんぎり
材料-野菜	玉葱_属性	微塵切り
材料-野菜	玉葱_属性	アメ色
材料-野菜	玉葱_属性	櫛切り
材料-野菜	玉葱_属性	苦み
材料-野菜	玉葱_属性	粗みじん切り
材料-野菜	玉葱_属性	荒熱
材料-野菜	玉葱_属性	細切り
材料-野菜	玉葱_属性	量
材料-野菜	玉葱_属性	水け
材料-野菜	玉葱_属性	香り
材料-野菜	玉葱_属性	スライス
材料-野菜	玉葱_属性	輪切り
材料-野菜	玉葱_属性	形
材料-野菜	玉葱_属性	旨み
材料-野菜	玉葱_属性	余熱
材料-野菜	玉葱_属性	トロリ
材料-野菜	玉葱_属性	スライスス
材料-野菜	玉葱_属性	荒みじん
材料-野菜	玉葱_属性	辛味成分
材料-野菜	玉葱_属性	ミジン切り
材料-野菜	玉葱_属性	薄輪切り
材料-野菜	玉葱_属性	ツブツブ
材料-野菜	玉葱_属性	せん切り
材料-野菜	玉葱_属性	臭み
材料-野菜	玉葱_属性	くし切り
材料-野菜	玉葱_属性	サイズ
材料-野菜	玉葱_属性	輪郭
材料-野菜	ジャガイモ_属性	水気
材料-野菜	ジャガイモ_属性	粗熱
材料-野菜	ジャガイモ_属性	水分
材料-野菜	ジャガイモ_属性	荒熱
材料-野菜	ジャガイモ_属性	色
材料-野菜	ジャガイモ_属性	形
材料-野菜	ジャガイモ_属性	熱
材料-野菜	ジャガイモ_属性	マッシュ
材料-野菜	ジャガイモ_属性	でんぷん質
材料-野菜	ジャガイモ_属性	でんぷん
材料-野菜	ジャガイモ_属性	あら熱
材料-野菜	ジャガイモ_属性	余熱
材料-野菜	ジャガイモ_属性	食感
材料-野菜	ジャガイモ_属性	スライス
材料-野菜	ジャガイモ_属性	アク
材料-野菜	ジャガイモ_属性	ビタミンC
材料-野菜	ジャガイモ_属性	油
材料-野菜	ジャガイモ_属性	種類
材料-野菜	ジャガイモ_属性	細切り
材料-野菜	ジャガイモ_属性	味
材料-野菜	ジャガイモ_属性	でん粉
材料-野菜	ジャガイモ_属性	とろみ
材料-野菜	ジャガイモ_属性	千切り
材料-野菜	ジャガイモ_属性	量
材料-野菜	キャベツ_属性	千切り
材料-野菜	キャベツ_属性	水気
材料-野菜	キャベツ_属性	水分
材料-野菜	キャベツ_属性	みじん切り
材料-野菜	キャベツ_属性	ざく切り
材料-野菜	キャベツ_属性	色
材料-野菜	キャベツ_属性	せん切り
材料-野菜	キャベツ_属性	粗熱
材料-野菜	キャベツ_属性	量
材料-野菜	キャベツ_属性	荒熱
材料-野菜	キャベツ_属性	かさ
材料-野菜	キャベツ_属性	甘み
材料-野菜	キャベツ_属性	食感
材料-野菜	キャベツ_属性	甘味
材料-野菜	キャベツ_属性	水け
材料-野菜	キャベツ_属性	乱切り
材料-野菜	もやし_属性	水気
材料-野菜	もやし_属性	水分
材料-野菜	もやし_属性	粗熱
材料-野菜	もやし_属性	臭み
材料-野菜	もやし_属性	食感
材料-野菜	もやし_属性	量
材料-野菜	もやし_属性	色
材料-野菜	もやし_属性	あら熱
材料-野菜	もやし_属性	荒熱
材料-野菜	もやし_属性	歯応え
材料-野菜	もやし_属性	シャキッ
材料-野菜	もやし_属性	味
材料-野菜	もやし_属性	カサ
材料-野菜	もやし_属性	かさ
材料-野菜	もやし_属性	みじん切り
材料-野菜	タケノコ_属性	水気
材料-野菜	タケノコ_属性	風味
材料-野菜	タケノコ_属性	形
材料-野菜	タケノコ_属性	水分
材料-野菜	タケノコ_属性	スライス
材料-野菜	タケノコ_属性	一口大
材料-野菜	タケノコ_属性	ごろごろ感
材料-野菜	タケノコ_属性	あく
材料-野菜	タケノコ_属性	食感
材料-野菜	タケノコ_属性	薄切り
材料-野菜	タケノコ_属性	千切り
材料-野菜	タケノコ_属性	量
材料-野菜	アスパラガス_属性	色
材料-野菜	アスパラガス_属性	水気
材料-野菜	アスパラガス_属性	本数
材料-野菜	アスパラガス_属性	斜め切り
材料-野菜	アスパラガス_属性	太め
材料-野菜	アスパラガス_属性	切れ目
材料-野菜	ぜんまい_属性	水気
材料-野菜	ウド_属性	水気
材料-野菜	ウド_属性	拍子切り
材料-野菜	ウド_属性	千切り
材料-野菜	ウド_属性	香り
材料-野菜	ふき_属性	アク
材料-野菜	ふき_属性	水気
材料-野菜	ふき_属性	水分
材料-野菜	ふき_属性	香り
材料-野菜	ふき_属性	本数
材料-野菜	ふき_属性	水け
材料-野菜	ふき_属性	食感
材料-野菜	ふき_属性	粗熱
材料-野菜	ふき_属性	色
材料-野菜	ヨモギ_属性	汚れ
材料-野菜	えんどう豆_属性	熱気
材料-野菜	えんどう豆_属性	汁
材料-野菜	えんどう豆_属性	形
材料-野菜	さやえんどう_属性	色
材料-野菜	さやえんどう_属性	千切り
材料-野菜	さやえんどう_属性	細切り
材料-野菜	さやえんどう_属性	鮮やか
材料-野菜	さやえんどう_属性	微塵切り
材料-野菜	さやえんどう_属性	食感
材料-野菜	さやえんどう_属性	スライス
材料-野菜	そら豆_属性	旬
材料-野菜	そら豆_属性	粗熱
材料-野菜	そら豆_属性	食感
材料-野菜	そら豆_属性	香り
材料-野菜	そら豆_属性	水分
材料-野菜	アボカド_属性	色
材料-野菜	アボカド_属性	形
材料-野菜	アボカド_属性	サイズ
材料-野菜	アボカド_属性	スライス
材料-野菜	アボカド_属性	さいの目切り
材料-野菜	アボカド_属性	半月切り
材料-野菜	アボカド_属性	薄切り
材料-野菜	アボカド_属性	角切り
材料-野菜	アボカド_属性	みじん切り
材料-野菜	アボカド_属性	量
材料-野菜	レタス_属性	千切り
材料-野菜	レタス_属性	水気
材料-野菜	レタス_属性	水分
材料-野菜	レタス_属性	細切り
材料-野菜	レタス_属性	せん切り
材料-野菜	レタス_属性	切れ目
材料-野菜	レタス_属性	色
材料-野菜	レタス_属性	色合い
材料-野菜	レタス_属性	ボリューム
材料-野菜	レタス_属性	ザク切り
材料-野菜	レタス_属性	歯ごたえ
材料-野菜	菜の花_属性	水気
材料-野菜	菜の花_属性	色
材料-野菜	菜の花_属性	水分
材料-野菜	菜の花_属性	苦み
材料-野菜	菜の花_属性	冷凍
材料-野菜	菜の花_属性	ザク切り
材料-野菜	菜の花_属性	アク
材料-野菜	菜の花_属性	あら熱
材料-野菜	菜の花_属性	香り
材料-野菜	スナップえんどう_属性	色
材料-野菜	スナップえんどう_属性	水気
材料-野菜	とうみょう_属性	水気
材料-野菜	とうみょう_属性	色
材料-野菜	とうみょう_属性	カサ
材料-野菜	とうみょう_属性	香り
材料-野菜	せり_属性	香り
材料-野菜	せり_属性	みじん切り
材料-野菜	せり_属性	水気
材料-野菜	トウモロコシ_属性	水気
材料-野菜	トウモロコシ_属性	汁
材料-野菜	トウモロコシ_属性	水分
材料-野菜	トウモロコシ_属性	味
材料-野菜	トウモロコシ_属性	甘味
材料-野菜	トウモロコシ_属性	風味
材料-野菜	トウモロコシ_属性	粗熱
材料-野菜	トウモロコシ_属性	歯触り
材料-野菜	トウモロコシ_属性	量
材料-野菜	トウモロコシ_属性	彩り
材料-野菜	トウモロコシ_属性	荒熱
材料-野菜	トウモロコシ_属性	状態
材料-野菜	トウモロコシ_属性	香り
材料-野菜	キュウリ_属性	水気
材料-野菜	キュウリ_属性	水分
材料-野菜	キュウリ_属性	千切り
材料-野菜	キュウリ_属性	スライス
材料-野菜	キュウリ_属性	薄切り
材料-野菜	キュウリ_属性	輪切り
材料-野菜	キュウリ_属性	みじん切り
材料-野菜	キュウリ_属性	繊切り
材料-野菜	キュウリ_属性	細切り
材料-野菜	キュウリ_属性	ブツブツ
材料-野菜	キュウリ_属性	塩気
材料-野菜	キュウリ_属性	色
材料-野菜	キュウリ_属性	小口切り
材料-野菜	キュウリ_属性	飾り切り
材料-野菜	キュウリ_属性	水け
材料-野菜	キュウリ_属性	塩分
材料-野菜	キュウリ_属性	短冊切り
材料-野菜	キュウリ_属性	せん切り
材料-野菜	キュウリ_属性	ざく切り
材料-野菜	キュウリ_属性	食感
材料-野菜	キュウリ_属性	甘み
材料-野菜	キュウリ_属性	乱切り
材料-野菜	ピーマン_属性	色
材料-野菜	ピーマン_属性	みじん切り
材料-野菜	ピーマン_属性	細切り
材料-野菜	ピーマン_属性	千切り
材料-野菜	ピーマン_属性	輪切り
材料-野菜	ピーマン_属性	薄切り
材料-野菜	ピーマン_属性	苦味
材料-野菜	ピーマン_属性	水分
材料-野菜	ピーマン_属性	こま切り
材料-野菜	ピーマン_属性	短冊切
材料-野菜	ピーマン_属性	スライス
材料-野菜	ピーマン_属性	あら熱
材料-野菜	ピーマン_属性	乱切り
材料-野菜	ピーマン_属性	味付け
材料-野菜	ピーマン_属性	香り
材料-野菜	オクラ_属性	色
材料-野菜	オクラ_属性	輪切り
材料-野菜	オクラ_属性	水気
材料-野菜	オクラ_属性	粘り
材料-野菜	オクラ_属性	小口切り
材料-野菜	オクラ_属性	粗熱
材料-野菜	オクラ_属性	ねばねば
材料-野菜	オクラ_属性	粘り気
材料-野菜	オクラ_属性	ネバネバ
材料-野菜	オクラ_属性	縦切り
材料-野菜	オクラ_属性	トロミ
材料-野菜	オクラ_属性	千切り
材料-野菜	オクラ_属性	スライス
材料-野菜	枝豆_属性	色
材料-野菜	枝豆_属性	発色
材料-野菜	枝豆_属性	粒々
材料-野菜	枝豆_属性	塩加減
材料-野菜	枝豆_属性	汁気
材料-野菜	枝豆_属性	量
材料-野菜	ゴーヤ_属性	苦味
材料-野菜	ゴーヤ_属性	水気
材料-野菜	ゴーヤ_属性	水分
材料-野菜	ゴーヤ_属性	色
材料-野菜	ゴーヤ_属性	苦み
材料-野菜	ゴーヤ_属性	粗熱
材料-野菜	ゴーヤ_属性	輪切り
材料-野菜	ゴーヤ_属性	風味
材料-野菜	ゴーヤ_属性	ビタミン
材料-野菜	ゴーヤ_属性	薄切り
材料-野菜	ゴーヤ_属性	サイズ
材料-野菜	ゴーヤ_属性	みじん切り
材料-野菜	ズッキーニ_属性	輪切り
材料-野菜	ズッキーニ_属性	水分
材料-野菜	ズッキーニ_属性	スライス
材料-野菜	ズッキーニ_属性	薄切り
材料-野菜	ズッキーニ_属性	水気
材料-野菜	ズッキーニ_属性	色
材料-野菜	トマト_属性	水分
材料-野菜	トマト_属性	酸味
材料-野菜	トマト_属性	形
材料-野菜	トマト_属性	スライス
材料-野菜	トマト_属性	汁
材料-野菜	トマト_属性	角切り
材料-野菜	トマト_属性	輪切り
材料-野菜	トマト_属性	薄切り
材料-野菜	トマト_属性	みじん切り
材料-野菜	トマト_属性	ざく切り
材料-野菜	トマト_属性	甘み
材料-野菜	トマト_属性	味
材料-野菜	トマト_属性	半切り
材料-野菜	トマト_属性	飾り切り
材料-野菜	トマト_属性	丸み
材料-野菜	トマト_属性	分量
材料-野菜	トマト_属性	切れ込み
材料-野菜	トマト_属性	サイズ
材料-野菜	モロヘイヤ_属性	色
材料-野菜	モロヘイヤ_属性	みじん切り
材料-野菜	ナスビ_属性	水気
材料-野菜	ナスビ_属性	水分
材料-野菜	ナスビ_属性	色
材料-野菜	ナスビ_属性	油
材料-野菜	ナスビ_属性	アク
材料-野菜	ナスビ_属性	粗熱
材料-野菜	ナスビ_属性	輪切り
材料-野菜	ナスビ_属性	切り込み
材料-野菜	ナスビ_属性	水け
材料-野菜	ナスビ_属性	切れ込み
材料-野菜	ナスビ_属性	数
材料-野菜	ナスビ_属性	厚み
材料-野菜	ナスビ_属性	サイズ
材料-野菜	ナスビ_属性	量
材料-野菜	ナスビ_属性	トロトロ感
材料-野菜	ナスビ_属性	幅
材料-野菜	ナスビ_属性	薄切り
材料-野菜	ナスビ_属性	ジューシーさ
材料-野菜	ナスビ_属性	荒みじん切り
材料-野菜	ナスビ_属性	粗みじん
材料-野菜	ナスビ_属性	角切り
材料-野菜	ナスビ_属性	みじん切り
材料-野菜	カボチャ_属性	マッシュ
材料-野菜	カボチャ_属性	形
材料-野菜	カボチャ_属性	色
材料-野菜	カボチャ_属性	水分
材料-野菜	カボチャ_属性	粗熱
材料-野菜	カボチャ_属性	あら熱
材料-野菜	カボチャ_属性	荒熱
材料-野菜	カボチャ_属性	熱
材料-野菜	カボチャ_属性	甘み
材料-野菜	カボチャ_属性	スライス
材料-野菜	カボチャ_属性	水分量
材料-野菜	カボチャ_属性	型
材料-野菜	カボチャ_属性	つぶつぶ感
材料-野菜	カボチャ_属性	水気
材料-野菜	カボチャ_属性	種類
材料-野菜	カボチャ_属性	風味
材料-野菜	カボチャ_属性	状態
材料-野菜	くうしんさい_属性	色
材料-野菜	ささげ_属性	色
材料-野菜	ささげ_属性	水気
材料-野菜	ささげ_属性	水け
材料-野菜	ささげ_属性	冷凍
材料-野菜	ささげ_属性	あら熱
材料-野菜	うり_属性	水気
材料-野菜	うり_属性	水分量
材料-野菜	うり_属性	下味
材料-野菜	うり_属性	甘み
材料-野菜	うり_属性	みじん切り
材料-野菜	うり_属性	水分
材料-野菜	ゴボウ_属性	水気
材料-野菜	ゴボウ_属性	ささがき
材料-野菜	ゴボウ_属性	泥
材料-野菜	ゴボウ_属性	土
材料-野菜	ゴボウ_属性	香り
材料-野菜	ゴボウ_属性	色
材料-野菜	ゴボウ_属性	水分
材料-野菜	ゴボウ_属性	アク
材料-野菜	ゴボウ_属性	あく
材料-野菜	ゴボウ_属性	みじん切り
材料-野菜	ゴボウ_属性	灰汁
材料-野菜	ゴボウ_属性	千切り
材料-野菜	ゴボウ_属性	水け
材料-野菜	ゴボウ_属性	サイズ
材料-野菜	ゴボウ_属性	形
材料-野菜	ゴボウ_属性	さきがけ
材料-野菜	ゴボウ_属性	ササガキ
材料-野菜	ゴボウ_属性	斜め切り
材料-野菜	ゴボウ_属性	香りいっぱい
材料-野菜	ゴボウ_属性	歯ごたえ
材料-野菜	ゴボウ_属性	水分量
材料-野菜	ゴボウ_属性	汁気
材料-野菜	ゴボウ_属性	味
材料-野菜	ゴボウ_属性	量
材料-野菜	さつまいも_属性	水気
材料-野菜	さつまいも_属性	水分
材料-野菜	さつまいも_属性	色
材料-野菜	さつまいも_属性	マッシュ
材料-野菜	さつまいも_属性	粗熱
材料-野菜	さつまいも_属性	熱
材料-野菜	さつまいも_属性	量
材料-野菜	さつまいも_属性	甘み
材料-野菜	さつまいも_属性	形
材料-野菜	さつまいも_属性	荒熱
材料-野菜	さつまいも_属性	味
材料-野菜	さつまいも_属性	甘味
材料-野菜	さつまいも_属性	お汁
材料-野菜	さつまいも_属性	水け
材料-野菜	さつまいも_属性	輪切り
材料-野菜	さつまいも_属性	千切り
材料-野菜	さつまいも_属性	ツブツブ
材料-野菜	さつまいも_属性	でんぷん
材料-野菜	さつまいも_属性	油
材料-野菜	さつまいも_属性	あら熱
材料-野菜	さつまいも_属性	臭み
材料-野菜	さつまいも_属性	乱切り
材料-野菜	さつまいも_属性	種類
材料-野菜	れんこん_属性	水気
材料-野菜	れんこん_属性	水分
材料-野菜	れんこん_属性	色
材料-野菜	れんこん_属性	スライス
材料-野菜	れんこん_属性	みじん切り
材料-野菜	れんこん_属性	直径
材料-野菜	れんこん_属性	薄切り
材料-野菜	れんこん_属性	水け
材料-野菜	れんこん_属性	ポリフェノール
材料-野菜	れんこん_属性	感触
材料-野菜	れんこん_属性	泥
材料-野菜	れんこん_属性	粗みじん
材料-野菜	れんこん_属性	丸み
材料-野菜	れんこん_属性	あら熱
材料-野菜	れんこん_属性	水分量
材料-野菜	れんこん_属性	サイズ
材料-野菜	れんこん_属性	食感
材料-野菜	れんこん_属性	切れ目
材料-野菜	れんこん_属性	幅
材料-野菜	れんこん_属性	輪切り
材料-野菜	山芋_属性	水気
材料-野菜	山芋_属性	ネバネバ
材料-野菜	山芋_属性	歯ごたえ
材料-野菜	山芋_属性	食感
材料-野菜	山芋_属性	g数
材料-野菜	山芋_属性	細胞
材料-野菜	山芋_属性	千切り
材料-野菜	山芋_属性	色
材料-野菜	山芋_属性	輪切り
材料-野菜	山芋_属性	灰汁
材料-野菜	山芋_属性	量
材料-野菜	山芋_属性	水け
材料-野菜	山芋_属性	さいの目切り
材料-野菜	山芋_属性	サイズ
材料-野菜	山芋_属性	幅
材料-野菜	山芋_属性	分量
材料-野菜	山芋_属性	形
材料-野菜	山芋_属性	水分
材料-野菜	かぶ_属性	水分
材料-野菜	かぶ_属性	色
材料-野菜	かぶ_属性	スライス
材料-野菜	かぶ_属性	水気
材料-野菜	かぶ_属性	ヌメリ
材料-野菜	かぶ_属性	エグミ
材料-野菜	かぶ_属性	厚み
材料-野菜	かぶ_属性	味
材料-野菜	チンゲン菜_属性	色
材料-野菜	チンゲン菜_属性	水気
材料-野菜	チンゲン菜_属性	水分
材料-野菜	春菊_属性	水気
材料-野菜	春菊_属性	色
材料-野菜	春菊_属性	カサ
材料-野菜	春菊_属性	水分
材料-野菜	春菊_属性	水け
材料-野菜	春菊_属性	あら熱
材料-野菜	春菊_属性	風味
材料-野菜	春菊_属性	香り
材料-野菜	春菊_属性	量
材料-野菜	大根_属性	水気
材料-野菜	大根_属性	水分
材料-野菜	大根_属性	汁
材料-野菜	大根_属性	千切り
材料-野菜	大根_属性	色
材料-野菜	大根_属性	辛み
材料-野菜	大根_属性	薄切り
材料-野菜	大根_属性	量
材料-野菜	大根_属性	苦味
材料-野菜	大根_属性	スライス
材料-野菜	大根_属性	細切り
材料-野菜	大根_属性	辛味
材料-野菜	大根_属性	輪切り
材料-野菜	大根_属性	水け
材料-野菜	大根_属性	お汁
材料-野菜	大根_属性	汁気
材料-野菜	大根_属性	味付け
材料-野菜	大根_属性	分量
材料-野菜	大根_属性	みじん切り
材料-野菜	ほうれん草_属性	水気
材料-野菜	ほうれん草_属性	水分
材料-野菜	ほうれん草_属性	色
材料-野菜	ほうれん草_属性	アク
材料-野菜	ほうれん草_属性	冷凍
材料-野菜	ほうれん草_属性	量
材料-野菜	ほうれん草_属性	かさ
材料-野菜	ほうれん草_属性	荒熱
材料-野菜	ほうれん草_属性	みじん切り
材料-野菜	ほうれん草_属性	栄養価
材料-野菜	ほうれん草_属性	嵩
材料-野菜	ほうれん草_属性	あく
材料-野菜	ほうれん草_属性	分量
材料-野菜	白菜_属性	水分
材料-野菜	白菜_属性	水気
材料-野菜	白菜_属性	かさ
材料-野菜	白菜_属性	カサ
材料-野菜	白菜_属性	千切り
材料-野菜	白菜_属性	量
材料-野菜	白菜_属性	色
材料-野菜	白菜_属性	荒熱
材料-野菜	白菜_属性	ざく切り
材料-野菜	白菜_属性	粗熱
材料-野菜	水菜_属性	水気
材料-野菜	水菜_属性	色
材料-野菜	水菜_属性	水分
材料-野菜	水菜_属性	量
材料-野菜	水菜_属性	嵩
材料-野菜	水菜_属性	鮮やか
材料-野菜	水菜_属性	水け
材料-野菜	水菜_属性	あら熱
材料-野菜	水菜_属性	ぶつ切り
材料-野菜	小松菜_属性	水気
材料-野菜	小松菜_属性	色
材料-野菜	小松菜_属性	かさ
材料-野菜	小松菜_属性	ざく切り
材料-野菜	小松菜_属性	水分
材料-野菜	小松菜_属性	形
材料-野菜	小松菜_属性	ビタミンC
材料-野菜	小松菜_属性	みじん切り
材料-野菜	小松菜_属性	ザク切り
材料-野菜	小松菜_属性	つぶつぶ
材料-野菜	ニラ_属性	色
材料-野菜	ニラ_属性	香り
材料-野菜	ニラ_属性	みじん切り
材料-野菜	ニラ_属性	小口切り
材料-野菜	ニラ_属性	量
材料-野菜	ニラ_属性	向き
材料-野菜	ニラ_属性	風味
材料-野菜	ニラ_属性	水気
材料-野菜	ネギ_属性	みじん切り
材料-野菜	ネギ_属性	小口切り
材料-野菜	ネギ_属性	香り
材料-野菜	ネギ_属性	輪切り
材料-野菜	ネギ_属性	ぶつ切り
材料-野菜	ネギ_属性	斜め切り
材料-野菜	ネギ_属性	微塵切り
材料-野菜	ネギ_属性	千切り
材料-野菜	ネギ_属性	細切り
材料-野菜	ネギ_属性	辛味
材料-野菜	ネギ_属性	水気
材料-野菜	ネギ_属性	辛み
材料-野菜	ネギ_属性	スライス
材料-野菜	ネギ_属性	色
材料-野菜	ネギ_属性	水分
材料-野菜	ネギ_属性	薄切り
材料-野菜	ネギ_属性	水け
材料-野菜	ネギ_属性	臭み
材料-野菜	ネギ_属性	ザク切り
材料-野菜	ネギ_属性	小口きり
材料-野菜	ネギ_属性	荒みじん切り
材料-野菜	ネギ_属性	みじん
材料-野菜	ネギ_属性	粗熱
材料-野菜	ネギ_属性	甘み
材料-野菜	ネギ_属性	微塵きり
材料-野菜	ネギ_属性	小切り
材料-野菜	ネギ_属性	値
材料-野菜	ネギ_属性	かおり
材料-野菜	ネギ_属性	みじんぎり
材料-野菜	ネギ_属性	ブツ切り
材料-野菜	ネギ_属性	歯ごたえ
材料-野菜	ネギ_属性	粗みじん切り
材料-野菜	ネギ_属性	せん切り
材料-野菜	ネギ_属性	サイズ
材料-野菜	ネギ_属性	乱切り
材料-野菜	ネギ_属性	風味
材料-野菜	セロリ_属性	香り
材料-野菜	セロリ_属性	色
材料-野菜	セロリ_属性	微塵切り
材料-野菜	セロリ_属性	水分
材料-野菜	セロリ_属性	水気
材料-野菜	セロリ_属性	一口サイズ
材料-野菜	セロリ_属性	量
材料-野菜	里芋_属性	ぬめり
材料-野菜	里芋_属性	泥
材料-野菜	里芋_属性	食感
材料-野菜	里芋_属性	水気
材料-野菜	里芋_属性	粗熱
材料-野菜	里芋_属性	水分
材料-野菜	里芋_属性	ヌルつき
材料-野菜	里芋_属性	ネバネバ
材料-野菜	里芋_属性	水分量
材料-野菜	里芋_属性	大きめ
材料-野菜	里芋_属性	形
材料-野菜	カリフラワー_属性	水気
材料-野菜	カリフラワー_属性	色
材料-野菜	カリフラワー_属性	水分
材料-野菜	カリフラワー_属性	フサフサ
材料-野菜	カリフラワー_属性	熱
材料-野菜	カリフラワー_属性	粗熱
材料-野菜	カリフラワー_属性	みじん切り
材料-野菜	カリフラワー_属性	量
材料-野菜	カリフラワー_属性	油分
材料-野菜	カリフラワー_属性	とろみ
材料-野菜	わさび菜_属性	かさ
材料-野菜	わさび菜_属性	水気
材料-野菜	ユリ根_属性	色
材料-野菜	くわい_属性	水気
材料-野菜	ツルムラサキ_属性	水気
材料-野菜	野沢菜_属性	水気
材料-野菜	野沢菜_属性	塩味
材料-野菜	野沢菜_属性	塩分
材料-野菜	野沢菜_属性	味
材料-野菜	野沢菜_属性	汁
材料-野菜	ミックスベジタブル_属性	荒熱
材料-野菜	ミックスベジタブル_属性	サイズ
材料-野菜	ミツバ_属性	ざく切り
材料-野菜	ミツバ_属性	香り
材料-野菜	ミツバ_属性	みじん切り
材料-野菜	ミツバ_属性	水気
材料-野菜	ミツバ_属性	彩り
材料-野菜	ムギ_属性	穂状
材料-野菜	ムギ_属性	グルテン
材料-野菜	ムギ_属性	余熱
材料-野菜	椎茸_属性	かさ
材料-野菜	椎茸_属性	カサ
材料-野菜	椎茸_属性	みじん切り
材料-野菜	椎茸_属性	汚れ
材料-野菜	椎茸_属性	薄切り
材料-野菜	椎茸_属性	汁
材料-野菜	椎茸_属性	スライス
材料-野菜	椎茸_属性	旨み
材料-野菜	椎茸_属性	水分
材料-野菜	椎茸_属性	千切り
材料-野菜	椎茸_属性	水気
材料-野菜	椎茸_属性	飾り切り
材料-野菜	椎茸_属性	熱
材料-野菜	椎茸_属性	細切り
材料-野菜	しめじ_属性	水分
材料-野菜	しめじ_属性	みじん切り
材料-野菜	しめじ_属性	水気
材料-野菜	しめじ_属性	サイズ
材料-野菜	しめじ_属性	乱切り
材料-野菜	しめじ_属性	香り
材料-野菜	しめじ_属性	味
材料-野菜	まいたけ_属性	みじん切り
材料-野菜	まいたけ_属性	旨味
材料-野菜	まいたけ_属性	香り
材料-野菜	まいたけ_属性	色
材料-野菜	まいたけ_属性	量
材料-野菜	まいたけ_属性	水分
材料-野菜	えのき_属性	量
材料-野菜	えのき_属性	水分
材料-野菜	えのき_属性	汚れ
材料-野菜	えのき_属性	粗熱
材料-野菜	えのき_属性	味
材料-野菜	マッシュルーム_属性	汚れ
材料-野菜	マッシュルーム_属性	スライス
材料-野菜	マッシュルーム_属性	ごみ
材料-野菜	マッシュルーム_属性	水分
材料-野菜	マッシュルーム_属性	かさ
材料-野菜	マッシュルーム_属性	薄切り
材料-野菜	マッシュルーム_属性	香り
材料-野菜	エリンギ_属性	みじん切り
材料-野菜	エリンギ_属性	汚れ
材料-野菜	エリンギ_属性	カサ
材料-野菜	エリンギ_属性	かさ
材料-野菜	エリンギ_属性	食感
材料-野菜	エリンギ_属性	粗熱
材料-野菜	エリンギ_属性	細切り
材料-野菜	エリンギ_属性	スライス
材料-野菜	なめこ_属性	とろみ
材料-野菜	なめこ_属性	色
材料-野菜	まつたけ_属性	かさ
材料-野菜	まつたけ_属性	匂い
材料-野菜	まつたけ_属性	食感
材料-野菜	まつたけ_属性	味
材料-野菜	ポルチーニ_属性	水分
材料-野菜	ひよこ豆_属性	水気
材料-野菜	大豆_属性	水気
材料-野菜	大豆_属性	風味
材料-野菜	大豆_属性	水分
材料-野菜	大豆_属性	つぶつぶ
材料-野菜	大豆_属性	みじん切り
材料-野菜	レンズ豆_属性	あら熱
材料-野菜	きんときまめ_属性	水気
材料-野菜	小豆_属性	汁
材料-野菜	小豆_属性	甘み
材料-野菜	小豆_属性	水分
材料-野菜	小豆_属性	シワ
材料-野菜	小豆_属性	粒々感
材料-野菜	小豆_属性	上澄み
材料-野菜	小豆_属性	形
材料-野菜	小豆_属性	アク
材料-野菜	小豆_属性	分量
材料-野菜	インゲン豆_属性	汁
材料-野菜	インゲン豆_属性	色
材料-野菜	インゲン豆_属性	水気
材料-野菜	ラディッシュ_属性	薄切り
材料-野菜	ラディッシュ_属性	輪切り
材料-野菜	ラディッシュ_属性	水気
材料-野菜	ラディッシュ_属性	水分
材料-野菜	ヤーコン_属性	色
材料-野菜	ヤーコン_属性	水気
材料-野菜	シソ_属性	千切り
材料-野菜	シソ_属性	みじん切り
材料-野菜	シソ_属性	せん切り
材料-野菜	シソ_属性	細切り
材料-野菜	シソ_属性	香り
材料-野菜	シソ_属性	細千切り
材料-野菜	シソ_属性	風味
材料-野菜	シソ_属性	水気
材料-野菜	シソ_属性	水分
材料-野菜	シソ_属性	色
材料-野菜	シソ_属性	量
材料-野菜	シソ_属性	丈
材料-野菜	シソ_属性	香味
材料-野菜	シソ_属性	フレッシュ感
材料-野菜	シソ_属性	糸切り
材料-野菜	シソ_属性	幅
材料-野菜	シソ_属性	エグミ
材料-野菜	シソ_属性	色素
材料-野菜	シソ_属性	みじんぎり
材料-野菜	シソ_属性	粗みじん
材料-野菜	シソ_属性	粗みじん切り
材料-野菜	シソ_属性	エキス
材料-野菜	シソ_属性	向き
材料-野菜	シソ_属性	サイズ
材料-野菜	シソ_属性	汁
材料-野菜	シソ_属性	味
材料-野菜	ガーリック_属性	香り
材料-野菜	ガーリック_属性	みじん切り
材料-野菜	ガーリック_属性	スライス
材料-野菜	ガーリック_属性	色
材料-野菜	ガーリック_属性	薄切り
材料-野菜	ガーリック_属性	切り口
材料-野菜	ガーリック_属性	香
材料-野菜	ガーリック_属性	匂い
材料-野菜	ガーリック_属性	風味
材料-野菜	ガーリック_属性	みじんぎり
材料-野菜	ガーリック_属性	味
材料-野菜	ガーリック_属性	微塵切り
材料-野菜	ガーリック_属性	かおり
材料-野菜	ガーリック_属性	量
材料-野菜	ガーリック_属性	におい
材料-野菜	ガーリック_属性	臭い
材料-野菜	ガーリック_属性	みじん
材料-野菜	ガーリック_属性	エキス
材料-野菜	ガーリック_属性	辛味
材料-野菜	ガーリック_属性	ミジン切り
材料-野菜	ガーリック_属性	輪切り
材料-野菜	ガーリック_属性	水気
材料-野菜	茗荷_属性	千切り
材料-野菜	茗荷_属性	線切り
材料-野菜	茗荷_属性	みじん切り
材料-野菜	茗荷_属性	水気
材料-野菜	茗荷_属性	薄切り
材料-野菜	茗荷_属性	細切り
材料-野菜	茗荷_属性	色
材料-野菜	茗荷_属性	スライス
材料-野菜	茗荷_属性	丸み
材料-野菜	茗荷_属性	汚れ
材料-野菜	茗荷_属性	せん切り
材料-野菜	茗荷_属性	辛味
材料-野菜	茗荷_属性	香り
材料-野菜	茗荷_属性	水分
材料-野菜	生姜_属性	千切り
材料-野菜	生姜_属性	みじん切り
材料-野菜	生姜_属性	香り
材料-野菜	生姜_属性	薄切り
材料-野菜	生姜_属性	スライス
材料-野菜	生姜_属性	せん切り
材料-野菜	生姜_属性	汁
材料-野菜	生姜_属性	微塵切り
材料-野菜	生姜_属性	細切り
材料-野菜	生姜_属性	風味
材料-野菜	生姜_属性	輪切り
材料-野菜	生姜_属性	量
材料-野菜	生姜_属性	味
材料-野菜	生姜_属性	エキス
材料-野菜	生姜_属性	分量
材料-野菜	生姜_属性	水分
材料-野菜	生姜_属性	辛味
材料-野菜	生姜_属性	水気
材料-野菜	生姜_属性	うす切り
材料-野菜	生姜_属性	みじんぎり
材料-野菜	生姜_属性	すり卸
材料-野菜	生姜_属性	みじん切リ
材料-野菜	生姜_属性	辛み
材料-野菜	生姜_属性	食感
材料-野菜	生姜_属性	短冊切り
材料-野菜	紅生姜_属性	汁
材料-野菜	紅生姜_属性	みじん切り
材料-野菜	紅生姜_属性	汁気
材料-野菜	紅生姜_属性	液
材料-野菜	紅生姜_属性	種類
材料-野菜	紅生姜_属性	塩分
材料-野菜	紅生姜_属性	細切り
材料-野菜	紅生姜_属性	スライス
材料-野菜	紅生姜_属性	量
材料-野菜	紅生姜_属性	水分
材料-野菜	らっきょう_属性	みじん切り
材料-野菜	らっきょう_属性	汁
材料-野菜	らっきょう_属性	泥
材料-野菜	スプラウト_属性	ぴりりとした辛み
材料-野菜	スプラウト_属性	みじん切り
材料-野菜	スプラウト_属性	水分
材料-野菜	高菜_属性	塩気
材料-野菜	高菜_属性	油
材料-野菜	高菜_属性	旨み
材料-野菜	高菜_属性	味
材料-野菜	高菜_属性	香り
材料-野菜	高菜_属性	水分
材料-野菜	唐辛子_属性	輪切り
材料-野菜	唐辛子_属性	香り
材料-野菜	唐辛子_属性	小口切り
材料-野菜	唐辛子_属性	みじん切り
材料-野菜	唐辛子_属性	色
材料-野菜	唐辛子_属性	辛味
材料-野菜	唐辛子_属性	スライス
材料-野菜	唐辛子_属性	辛み
材料-野菜	唐辛子_属性	量
材料-野菜	唐辛子_属性	臭い
材料-野菜	唐辛子_属性	エキス
材料-野菜	唐辛子_属性	種類
材料-野菜	唐辛子_属性	風味
材料-野菜	唐辛子_属性	細切り
材料-野菜	唐辛子_属性	味
材料-野菜	唐辛子_属性	斜め切り
材料-野菜	唐辛子_属性	油
材料-野菜	唐辛子_属性	水分
材料-野菜	リンゴ_属性	水分
材料-野菜	リンゴ_属性	汁
材料-野菜	リンゴ_属性	変色
材料-野菜	リンゴ_属性	スライス
材料-野菜	リンゴ_属性	色
材料-野菜	リンゴ_属性	水気
材料-野菜	リンゴ_属性	形
材料-野菜	リンゴ_属性	香り
材料-野菜	リンゴ_属性	歯ごたえ
材料-野菜	リンゴ_属性	量
材料-野菜	リンゴ_属性	フレッシュ
材料-野菜	リンゴ_属性	存在感
材料-野菜	リンゴ_属性	風味
材料-野菜	リンゴ_属性	重量
材料-野菜	リンゴ_属性	薄切り
材料-野菜	リンゴ_属性	味
材料-野菜	リンゴ_属性	角切り
材料-野菜	リンゴ_属性	切り目
材料-野菜	リンゴ_属性	いちょう切り
材料-野菜	バナナ_属性	甘み
材料-野菜	バナナ_属性	スライス
材料-野菜	バナナ_属性	形
材料-野菜	バナナ_属性	色
材料-野菜	バナナ_属性	風味
材料-野菜	バナナ_属性	食感
材料-野菜	バナナ_属性	かたち
材料-野菜	バナナ_属性	香り
材料-野菜	グレープフルーツ_属性	果汁
材料-野菜	グレープフルーツ_属性	汁
材料-野菜	グレープフルーツ_属性	プチプチ
材料-野菜	グレープフルーツ_属性	カサ
材料-野菜	グレープフルーツ_属性	酸味
材料-野菜	グレープフルーツ_属性	香り
材料-野菜	キウイ_属性	輪切り
材料-野菜	キウイ_属性	量
材料-野菜	キウイ_属性	食べごろ
材料-野菜	キウイ_属性	酸
材料-野菜	キウイ_属性	重量
材料-野菜	キウイ_属性	つぶつぶ
材料-野菜	キウイ_属性	角切り
材料-野菜	キウイ_属性	汁
材料-野菜	キウイ_属性	水分
材料-野菜	イチゴ_属性	スライス
材料-野菜	イチゴ_属性	水分
材料-野菜	イチゴ_属性	色
材料-野菜	イチゴ_属性	形
材料-野菜	イチゴ_属性	味
材料-野菜	イチゴ_属性	数
材料-野菜	イチゴ_属性	汁
材料-野菜	イチゴ_属性	香り
材料-野菜	イチゴ_属性	甘み
材料-野菜	イチゴ_属性	色素
材料-野菜	イチゴ_属性	重量
材料-野菜	イチゴ_属性	薄切り
材料-野菜	イチゴ_属性	ツブツブ感
材料-野菜	イチゴ_属性	水分加減
材料-野菜	イチゴ_属性	つぶつぶ感
材料-野菜	イチゴ_属性	鮮やか
材料-野菜	イチゴ_属性	水気
材料-野菜	イチゴ_属性	みじん切り
材料-野菜	デコポン_属性	果汁
材料-野菜	サクランボ_属性	甘み
材料-野菜	メロン_属性	模様
材料-野菜	メロン_属性	色味
材料-野菜	メロン_属性	ダイスカット
材料-野菜	メロン_属性	柄
材料-野菜	メロン_属性	果汁
材料-野菜	メロン_属性	種類
材料-野菜	メロン_属性	角切り
材料-野菜	メロン_属性	汁
材料-野菜	メロン_属性	形
材料-野菜	ビワ_属性	エキス
材料-野菜	ビワ_属性	汁
材料-野菜	梅_属性	汁
材料-野菜	梅_属性	塩分
材料-野菜	梅_属性	味
材料-野菜	梅_属性	エキス
材料-野菜	梅_属性	型
材料-野菜	梅_属性	みじん切り
材料-野菜	梅_属性	水気
材料-野菜	梅_属性	重量
材料-野菜	梅_属性	熟成度
材料-野菜	梅_属性	塩気
材料-野菜	梅_属性	量
材料-野菜	梅_属性	香り
材料-野菜	梅_属性	水分
材料-野菜	梅_属性	飾り切り
材料-野菜	梅_属性	果汁
材料-野菜	梅_属性	風味
材料-野菜	梅_属性	形
材料-野菜	梅_属性	キズ
材料-野菜	梅_属性	塩味
材料-野菜	梅_属性	塩加減
材料-野菜	梅_属性	旨味
材料-野菜	梅_属性	種類
材料-野菜	梅_属性	色
材料-野菜	あんず_属性	味
材料-野菜	あんず_属性	形
材料-野菜	パイナップル_属性	汁
材料-野菜	パイナップル_属性	水気
材料-野菜	パイナップル_属性	埃
材料-野菜	パイナップル_属性	形
材料-野菜	パイナップル_属性	果汁
材料-野菜	パイナップル_属性	サイズ
材料-野菜	パイナップル_属性	香り
材料-野菜	パイナップル_属性	輪切り
材料-野菜	スイカ_属性	模様
材料-野菜	スイカ_属性	しましま
材料-野菜	スイカ_属性	バランス
材料-野菜	スイカ_属性	果汁
材料-野菜	スイカ_属性	甘み
材料-野菜	スイカ_属性	汁
材料-野菜	スイカ_属性	スライス
材料-野菜	スイカ_属性	水分
材料-野菜	プルーン_属性	味
材料-野菜	プルーン_属性	かさ
材料-野菜	プルーン_属性	成分
材料-野菜	プルーン_属性	風味
材料-野菜	プルーン_属性	分量
材料-野菜	ブルーベリー_属性	粒々
材料-野菜	ブルーベリー_属性	汁
材料-野菜	ブルーベリー_属性	形
材料-野菜	ブルーベリー_属性	綺麗
材料-野菜	ブルーベリー_属性	水分量
材料-野菜	ブルーベリー_属性	粗熱
材料-野菜	ブルーベリー_属性	色
材料-野菜	ブルーベリー_属性	水分
材料-野菜	落花生_属性	香り
材料-野菜	落花生_属性	みじん切り
材料-野菜	落花生_属性	熱
材料-野菜	落花生_属性	風味
材料-野菜	落花生_属性	食感
材料-野菜	落花生_属性	甘み
材料-野菜	落花生_属性	ごろごと感
材料-野菜	落花生_属性	触感
材料-野菜	落花生_属性	コク
材料-野菜	落花生_属性	形
材料-野菜	落花生_属性	あら熱
材料-野菜	落花生_属性	荒熱
材料-野菜	無花果_属性	プチプチ
材料-野菜	無花果_属性	水分
材料-野菜	すだち_属性	果汁
材料-野菜	すだち_属性	スライス
材料-野菜	すだち_属性	輪切り
材料-野菜	すだち_属性	汁
材料-野菜	すだち_属性	薄切り
材料-野菜	すだち_属性	香り
材料-野菜	すだち_属性	細切り
材料-野菜	すだち_属性	色
材料-野菜	マンゴー_属性	甘み
材料-野菜	マンゴー_属性	綺麗
材料-野菜	マンゴー_属性	甘味
材料-野菜	マンゴー_属性	果汁
材料-野菜	マンゴー_属性	形
材料-野菜	マンゴー_属性	量
材料-野菜	桃_属性	スライス
材料-野菜	桃_属性	液
材料-野菜	桃_属性	カット
材料-野菜	桃_属性	形
材料-野菜	桃_属性	汁
材料-野菜	桃_属性	角切り
材料-野菜	桃_属性	水気
材料-野菜	柿_属性	水気
材料-野菜	柿_属性	汚れ
材料-野菜	柿_属性	形
材料-野菜	柿_属性	甘み
材料-野菜	柿_属性	水分
材料-野菜	柿_属性	水け
材料-野菜	柿_属性	スライス
材料-野菜	柿_属性	櫛切り
材料-野菜	柿_属性	食感
材料-野菜	柿_属性	粗熱
材料-野菜	柿_属性	様子
材料-野菜	柿_属性	状態
材料-野菜	柿_属性	汁
材料-野菜	柿_属性	香り
材料-野菜	柿_属性	色
材料-野菜	柿_属性	みじん切り
材料-野菜	梨_属性	汁
材料-野菜	梨_属性	水分
材料-野菜	梨_属性	果汁
材料-野菜	梨_属性	風味
材料-野菜	梨_属性	形
材料-野菜	梨_属性	量
材料-野菜	洋梨_属性	形状
材料-野菜	洋梨_属性	柔らか
材料-野菜	洋梨_属性	甘み
材料-野菜	洋梨_属性	香り
材料-野菜	葡萄_属性	味
材料-野菜	葡萄_属性	汁
材料-野菜	葡萄_属性	形
材料-野菜	葡萄_属性	水分
材料-野菜	クリ_属性	形
材料-野菜	クリ_属性	数
材料-野菜	クリ_属性	色
材料-野菜	クリ_属性	重量
材料-野菜	クリ_属性	粒々
材料-野菜	クリ_属性	汁
材料-野菜	クリ_属性	量
材料-野菜	クリ_属性	パサツキ
材料-野菜	クリ_属性	ツブツブ
材料-野菜	クリ_属性	歯ごたえ
材料-野菜	クリ_属性	水分
材料-野菜	クリ_属性	みじん切り
材料-野菜	レモン_属性	輪切り
材料-野菜	レモン_属性	汁
材料-野菜	レモン_属性	薄切り
材料-野菜	レモン_属性	スライス
材料-野菜	レモン_属性	果汁
材料-野菜	レモン_属性	酸味
材料-野菜	レモン_属性	くし切り
材料-野菜	レモン_属性	櫛切り
材料-野菜	レモン_属性	量
材料-野菜	レモン_属性	味
材料-野菜	レモン_属性	香り
材料-野菜	レモン_属性	下味
材料-野菜	レモン_属性	形
材料-野菜	レモン_属性	粒々
材料-野菜	きんかん_属性	重量
材料-野菜	きんかん_属性	切り目
材料-野菜	きんかん_属性	エキス
材料-野菜	きんかん_属性	粗熱
材料-野菜	きんかん_属性	香り
材料-野菜	きんかん_属性	分量
材料-野菜	きんかん_属性	形
材料-野菜	ゆず_属性	果汁
材料-野菜	ゆず_属性	千切り
材料-野菜	ゆず_属性	汁
材料-野菜	ゆず_属性	香り
材料-野菜	ゆず_属性	味
材料-野菜	ゆず_属性	香
材料-野菜	ゆず_属性	風味
材料-野菜	ゆず_属性	スライス
材料-野菜	ゆず_属性	輪切り
材料-野菜	ゆず_属性	水分
材料-野菜	ゆず_属性	細切り
材料-野菜	ゆず_属性	みじん切り
材料-野菜	ゆず_属性	鮮やか
材料-野菜	ゆず_属性	カサ
材料-野菜	ゆず_属性	苦味
材料-野菜	ゆず_属性	水け
材料-野菜	ゆず_属性	薄切り
材料-野菜	ゆず_属性	色
材料-野菜	ゆず_属性	量
材料-野菜	ミカン_属性	果汁
材料-野菜	ミカン_属性	汁
材料-野菜	ミカン_属性	香り
材料-野菜	ミカン_属性	スライス
材料-野菜	ミカン_属性	輪切り
材料-野菜	ミカン_属性	フレッシュさ
材料-野菜	ミカン_属性	シボリ汁
材料-野菜	ミカン_属性	薄切り
材料-野菜	ミカン_属性	重量
材料-野菜	ミカン_属性	櫛切り
材料-野菜	ミカン_属性	甘み
材料-野菜	ミカン_属性	汁気
材料-野菜	ミカン_属性	味付け
材料-野菜	ミカン_属性	味
材料-野菜	ミカン_属性	角切り
材料-野菜	ミカン_属性	色
材料-野菜	ミカン_属性	形
